fecha;Open;High;Low;Close;Volume;Currency
14/04/2017;0.9939;0.996;0.9689;0.9899;71652;USD
15/04/2017;0.9899;0.9899;0.9676;0.9896;14922;USD
16/04/2017;0.9896;0.9896;0.9515;0.9515;12412;USD
17/04/2017;0.9515;0.9698;0.9211;0.9392;38750;USD
18/04/2017;0.9392;0.9628;0.9207;0.945;39253;USD
19/04/2017;0.945;0.9549;0.9372;0.946;28868;USD
20/04/2017;0.946;0.9549;0.92;0.949;76285;USD
21/04/2017;0.949;0.95;0.9;0.9363;61117;USD
22/04/2017;0.9363;0.95;0.915;0.915;118034;USD
23/04/2017;0.915;0.94;0.901;0.915;76408;USD
24/04/2017;0.915;0.9286;0.901;0.915;79088;USD
25/04/2017;0.915;0.925;0.89;0.904;100967;USD
26/04/2017;0.904;0.9367;0.903;0.9201;52901;USD
27/04/2017;0.9201;0.937;0.9199;0.92;47575;USD
28/04/2017;0.92;0.9649;0.9199;0.94;75783;USD
29/04/2017;0.94;0.9524;0.931;0.931;25577;USD
30/04/2017;0.931;0.9529;0.912;0.935;74275;USD
01/05/2017;0.935;0.94;0.9151;0.9156;34195;USD
02/05/2017;0.9156;0.94;0.9121;0.9283;57014;USD
03/05/2017;0.9283;0.948;0.9212;0.9347;76230;USD
04/05/2017;0.9347;0.9639;0.9155;0.959;198890;USD
05/05/2017;0.959;0.98;0.9306;0.979;196709;USD
06/05/2017;0.979;0.9929;0.955;0.983;56413;USD
07/05/2017;0.983;0.983;0.928;0.9281;59896;USD
08/05/2017;0.9281;0.972;0.9281;0.9711;69667;USD
09/05/2017;0.9711;0.978;0.9527;0.97;462515;USD
10/05/2017;0.97;0.9946;0.965;0.994;253817;USD
11/05/2017;0.994;0.9986;0.9475;0.9725;309210;USD
12/05/2017;0.9725;0.9928;0.9601;0.9811;34436;USD
13/05/2017;0.9811;0.9857;0.956;0.9778;29361;USD
14/05/2017;0.9778;0.9886;0.9615;0.98;82505;USD
15/05/2017;0.98;0.992;0.9722;0.9773;88547;USD
16/05/2017;0.9773;0.9898;0.97;0.9897;53562;USD
17/05/2017;0.9897;0.9897;0.9702;0.9766;23833;USD
18/05/2017;0.9766;0.9868;0.9703;0.9799;24741;USD
19/05/2017;0.9799;0.9983;0.9706;0.9983;234100;USD
20/05/2017;0.9983;0.999;0.9801;0.99;200802;USD
21/05/2017;0.99;1.0;0.977;0.9956;129296;USD
22/05/2017;0.9956;1.0;0.9768;1.0;309600;USD
23/05/2017;1.0;1.02;0.9827;0.999;206724;USD
24/05/2017;0.999;1.02;0.9801;1.01;387868;USD
25/05/2017;1.01;1.07;0.984;1.0;182727;USD
26/05/2017;1.0;1.05;1.0;1.02;205323;USD
27/05/2017;1.02;1.05;1.0;1.0;258251;USD
28/05/2017;1.0;1.04;1.0;1.0;293178;USD
29/05/2017;1.0;1.04;1.0;1.04;259803;USD
30/05/2017;1.04;1.04;1.01;1.02;451237;USD
31/05/2017;1.02;1.07;1.0;1.06;311727;USD
01/06/2017;1.06;1.06;1.01;1.04;316038;USD
02/06/2017;1.04;1.06;1.03;1.03;178295;USD
03/06/2017;1.03;1.05;1.01;1.03;203330;USD
04/06/2017;1.03;1.05;1.02;1.02;121688;USD
05/06/2017;1.02;1.03;1.02;1.02;139631;USD
06/06/2017;1.02;1.04;1.01;1.01;332976;USD
07/06/2017;1.01;1.02;1.01;1.02;269599;USD
08/06/2017;1.02;1.02;1.0;1.01;260077;USD
09/06/2017;1.01;1.01;0.999;1.0;229006;USD
10/06/2017;1.0;1.01;0.9995;1.0;292677;USD
11/06/2017;1.0;1.01;0.984;0.9951;197297;USD
12/06/2017;0.9951;1.01;0.995;1.0;485620;USD
13/06/2017;1.0;1.04;1.0;1.01;432599;USD
14/06/2017;1.01;1.07;1.01;1.01;390167;USD
15/06/2017;1.01;1.06;1.01;1.02;536473;USD
16/06/2017;1.02;1.05;1.01;1.01;308660;USD
17/06/2017;1.01;1.02;1.01;1.01;149825;USD
18/06/2017;1.01;1.02;1.01;1.02;294647;USD
19/06/2017;1.02;1.02;1.0;1.0;194485;USD
20/06/2017;1.0;1.01;1.0;1.0;136279;USD
21/06/2017;1.0;1.01;1.0;1.01;355750;USD
22/06/2017;1.01;1.02;1.0;1.01;755478;USD
23/06/2017;1.01;1.01;0.9969;1.0;500183;USD
24/06/2017;1.0;1.02;0.9969;1.02;1060718;USD
25/06/2017;1.02;1.02;0.999;1.0;283242;USD
26/06/2017;1.0;1.02;1.0;1.0;734978;USD
27/06/2017;1.0;1.01;0.993;1.01;1299069;USD
28/06/2017;1.01;1.03;1.01;1.02;1558858;USD
29/06/2017;1.02;1.03;1.0;1.02;551050;USD
30/06/2017;1.02;1.02;1.01;1.01;344149;USD
01/07/2017;1.01;1.03;1.01;1.01;1288896;USD
02/07/2017;1.01;1.04;1.01;1.03;644014;USD
03/07/2017;1.03;1.03;1.01;1.01;498713;USD
04/07/2017;1.01;1.02;1.01;1.01;394415;USD
05/07/2017;1.01;1.01;1.01;1.01;647888;USD
06/07/2017;1.01;1.03;1.01;1.01;553517;USD
07/07/2017;1.01;1.02;1.01;1.01;608892;USD
08/07/2017;1.01;1.02;1.01;1.01;309973;USD
09/07/2017;1.01;1.01;1.01;1.01;232804;USD
10/07/2017;1.01;1.01;1.0;1.01;988746;USD
11/07/2017;1.01;1.01;1.0;1.01;920952;USD
12/07/2017;1.01;1.01;1.0;1.01;823344;USD
13/07/2017;1.01;1.01;1.0;1.0;1100560;USD
14/07/2017;1.0;1.01;1.0;1.0;694811;USD
15/07/2017;1.0;1.01;0.999;0.999;1038138;USD
16/07/2017;0.999;1.0;0.9803;0.99;345220;USD
17/07/2017;0.99;1.0;0.981;1.0;574383;USD
18/07/2017;1.0;1.01;0.9943;1.0;872839;USD
19/07/2017;1.0;1.0;1.0;1.0;523022;USD
20/07/2017;1.0;1.0;0.9951;1.0;1027113;USD
21/07/2017;1.0;1.01;0.9962;1.0;497252;USD
22/07/2017;1.0;1.0;0.9975;0.9976;284093;USD
23/07/2017;0.9976;1.0;0.9941;1.0;1016031;USD
24/07/2017;1.0;1.0;0.9951;0.9969;631283;USD
25/07/2017;0.9969;1.0;0.983;0.9869;456304;USD
26/07/2017;0.9869;1.0;0.9869;0.9985;862748;USD
27/07/2017;0.9985;1.0;0.9918;0.9993;587171;USD
28/07/2017;0.9993;1.0;0.9966;1.0;1697804;USD
29/07/2017;1.0;1.01;0.9984;1.0;886652;USD
30/07/2017;1.0;1.01;0.9991;1.0;497442;USD
31/07/2017;1.0;1.01;1.0;1.0;504888;USD
01/08/2017;1.0;1.01;0.995;1.0;997740;USD
02/08/2017;1.0;1.0;0.965;0.9991;584478;USD
03/08/2017;0.9991;1.0;0.9902;0.9931;656835;USD
04/08/2017;0.9931;1.0;0.9931;1.0;410034;USD
05/08/2017;1.0;1.0;0.9972;1.0;713495;USD
06/08/2017;1.0;1.0;0.9983;1.0;671214;USD
07/08/2017;1.0;1.0;0.9972;1.0;900683;USD
08/08/2017;1.0;1.0;0.9974;1.0;381382;USD
09/08/2017;1.0;1.0;0.9982;1.0;729914;USD
10/08/2017;1.0;1.0;0.9985;1.0;531502;USD
11/08/2017;1.0;1.0;0.98;1.0;1342293;USD
12/08/2017;1.0;1.01;1.0;1.01;845134;USD
13/08/2017;1.01;1.01;1.0;1.0;922341;USD
14/08/2017;1.0;1.0;0.9844;1.0;806767;USD
15/08/2017;1.0;1.0;0.9891;1.0;2019829;USD
16/08/2017;1.0;1.0;1.0;1.0;494986;USD
17/08/2017;1.0;1.0;0.9872;0.9999;951050;USD
18/08/2017;0.9999;1.0;0.9902;1.0;704927;USD
19/08/2017;1.0;1.01;0.9999;1.0;868088;USD
20/08/2017;1.0;1.01;1.0;1.0;309437;USD
21/08/2017;1.0;1.01;1.0;1.01;603092;USD
22/08/2017;1.01;1.02;1.0;1.01;313753;USD
23/08/2017;1.01;1.04;1.01;1.01;318873;USD
24/08/2017;1.01;1.01;1.01;1.01;199399;USD
25/08/2017;1.01;1.01;1.0;1.01;254251;USD
26/08/2017;1.01;1.01;1.01;1.01;118208;USD
27/08/2017;1.01;1.01;1.0;1.0;215742;USD
28/08/2017;1.0;1.0;1.0;1.0;396388;USD
29/08/2017;1.0;1.02;1.0;1.01;484437;USD
30/08/2017;1.01;1.01;1.0;1.0;215578;USD
31/08/2017;1.0;1.01;1.0;1.0;280339;USD
01/09/2017;1.0;1.07;1.0;1.01;450601;USD
02/09/2017;1.01;1.05;1.0;1.02;443857;USD
03/09/2017;1.02;1.05;1.01;1.02;609387;USD
04/09/2017;1.02;1.05;1.01;1.04;900368;USD
05/09/2017;1.04;1.05;1.01;1.02;1329012;USD
06/09/2017;1.02;1.04;1.02;1.02;774821;USD
07/09/2017;1.02;1.02;1.01;1.01;638664;USD
08/09/2017;1.01;1.03;1.01;1.02;781487;USD
09/09/2017;1.02;1.02;1.01;1.01;490859;USD
10/09/2017;1.01;1.03;1.01;1.01;746237;USD
11/09/2017;1.01;1.02;1.0;1.01;604546;USD
12/09/2017;1.01;1.01;1.0;1.0;549133;USD
13/09/2017;1.0;1.01;1.0;1.0;756343;USD
14/09/2017;1.0;1.01;1.0;1.01;1310599;USD
15/09/2017;1.01;1.01;0.9953;1.01;1080338;USD
16/09/2017;1.01;1.03;1.0;1.01;785282;USD
17/09/2017;1.01;1.02;1.0;1.01;405018;USD
18/09/2017;1.01;1.02;1.0;1.0;649942;USD
19/09/2017;1.0;1.01;1.0;1.0;471476;USD
20/09/2017;1.0;1.01;1.0;1.0;667522;USD
21/09/2017;1.0;1.01;1.0;1.0;608221;USD
22/09/2017;1.0;1.01;1.0;1.0;297070;USD
23/09/2017;1.0;1.0;0.9882;1.0;793117;USD
24/09/2017;1.0;1.0;0.996;0.9998;299819;USD
25/09/2017;0.9998;1.0;0.995;1.0;986003;USD
26/09/2017;1.0;1.01;0.9995;0.9998;941215;USD
27/09/2017;0.9998;1.0;0.992;0.9986;888137;USD
28/09/2017;0.9986;1.0;0.9952;0.9979;753343;USD
29/09/2017;0.9979;1.0;0.9939;0.9984;947811;USD
30/09/2017;0.9984;0.9999;0.9905;0.9998;778541;USD
01/10/2017;0.9998;0.9998;0.9909;0.9928;558112;USD
02/10/2017;0.9928;0.9979;0.9906;0.9936;707420;USD
03/10/2017;0.9936;0.9999;0.9926;0.9998;848296;USD
04/10/2017;0.9998;1.0;0.993;0.9961;1168338;USD
05/10/2017;0.9961;1.0;0.996;0.9984;883344;USD
06/10/2017;0.9984;0.9999;0.994;0.9969;1073165;USD
07/10/2017;0.9969;0.9984;0.9933;0.9943;864730;USD
08/10/2017;0.9943;0.9972;0.9933;0.9954;975740;USD
09/10/2017;0.9954;0.9972;0.9949;0.997;984541;USD
10/10/2017;0.997;0.9972;0.9941;0.9942;1094348;USD
11/10/2017;0.9942;0.9972;0.993;0.9962;1187249;USD
12/10/2017;0.9962;0.9972;0.9904;0.9937;1157731;USD
13/10/2017;0.9937;0.9972;0.9915;0.9945;1210277;USD
14/10/2017;0.9945;0.998;0.9921;0.9958;910255;USD
15/10/2017;0.9958;1.0;0.9952;0.9992;722567;USD
16/10/2017;0.9992;1.0;0.98;0.9924;1003387;USD
17/10/2017;0.9924;1.0;0.9874;1.0;1814914;USD
18/10/2017;1.0;1.01;0.9997;1.0;442518;USD
19/10/2017;1.0;1.01;0.9989;0.9999;568020;USD
20/10/2017;0.9999;1.0;0.9971;0.9994;511250;USD
21/10/2017;0.9994;1.0;0.97;0.999;1156008;USD
22/10/2017;0.999;1.01;0.9981;1.0;666034;USD
23/10/2017;1.0;1.01;1.0;1.0;982144;USD
24/10/2017;1.0;1.01;1.0;1.0;1216505;USD
25/10/2017;1.0;1.01;1.0;1.0;1145075;USD
26/10/2017;1.0;1.01;1.0;1.0;1024021;USD
27/10/2017;1.0;1.01;1.0;1.01;1082261;USD
28/10/2017;1.01;1.01;1.0;1.0;1003722;USD
29/10/2017;1.0;1.01;1.0;1.0;1070003;USD
30/10/2017;1.0;1.0;0.9972;1.0;1220299;USD
31/10/2017;1.0;1.01;0.997;0.9999;1279041;USD
01/11/2017;0.9999;1.01;0.996;1.0;1343196;USD
02/11/2017;1.0;1.01;1.0;1.0;367213;USD
03/11/2017;1.0;1.01;1.0;1.0;554417;USD
04/11/2017;1.0;1.01;1.0;1.0;906483;USD
05/11/2017;1.0;1.01;1.0;1.0;656300;USD
06/11/2017;1.0;1.02;1.0;1.0;826576;USD
07/11/2017;1.0;1.01;1.0;1.0;376919;USD
08/11/2017;1.0;1.01;1.0;1.01;747892;USD
09/11/2017;1.01;1.01;1.0;1.01;845987;USD
10/11/2017;1.01;1.02;0.999;1.0;1408700;USD
11/11/2017;1.0;1.01;1.0;1.01;905090;USD
12/11/2017;1.01;1.02;1.0;1.0;959650;USD
13/11/2017;1.0;1.02;1.0;1.01;556040;USD
14/11/2017;1.01;1.02;1.01;1.01;279279;USD
15/11/2017;1.01;1.02;1.0;1.0;819436;USD
16/11/2017;1.0;1.0;0.985;0.985;1247191;USD
17/11/2017;0.985;1.0;0.983;1.0;675882;USD
18/11/2017;1.0;1.01;0.9901;0.9987;743663;USD
19/11/2017;0.9987;1.0;0.989;0.9943;868075;USD
20/11/2017;0.9943;0.9995;0.9006;0.9947;989228;USD
21/11/2017;0.9947;0.997;0.96;0.9807;673366;USD
22/11/2017;0.9807;1.0;0.9789;0.9985;840343;USD
23/11/2017;0.9985;0.999;0.98;0.995;317834;USD
24/11/2017;0.995;1.0;0.986;0.991;634304;USD
25/11/2017;0.991;0.9986;0.988;0.997;272513;USD
26/11/2017;0.997;1.0;0.9883;0.9961;504131;USD
27/11/2017;0.9961;1.0;0.991;0.9978;462454;USD
28/11/2017;0.9978;0.9978;0.9791;0.9924;531300;USD
29/11/2017;0.9924;0.999;0.95;0.9988;1468976;USD
30/11/2017;0.9988;1.02;0.9959;1.01;1614576;USD
01/12/2017;1.01;1.01;1.0;1.01;457316;USD
02/12/2017;1.01;1.01;0.9826;0.9959;970815;USD
03/12/2017;0.9959;0.998;0.984;0.9977;1303914;USD
04/12/2017;0.9977;1.0;0.986;1.0;2913139;USD
05/12/2017;1.0;1.0;0.985;1.0;1744163;USD
06/12/2017;1.0;1.01;0.9967;1.01;2482856;USD
07/12/2017;1.01;1.01;1.0;1.01;1750711;USD
08/12/2017;1.01;1.01;1.0;1.01;631928;USD
09/12/2017;1.01;1.02;1.0;1.0;488255;USD
10/12/2017;1.0;1.02;1.0;1.0;983314;USD
11/12/2017;1.0;1.02;1.0;1.01;896910;USD
12/12/2017;1.01;1.03;1.0;1.02;1192275;USD
13/12/2017;1.02;1.02;1.0;1.0;1120114;USD
14/12/2017;1.0;1.03;1.0;1.0;1061192;USD
15/12/2017;1.0;1.02;1.0;1.0;1210350;USD
16/12/2017;1.0;1.01;1.0;1.01;884797;USD
17/12/2017;1.01;1.01;0.99;0.9958;1600336;USD
18/12/2017;0.9958;1.01;0.9953;0.9985;2093419;USD
19/12/2017;0.9985;1.01;0.99;1.01;2184422;USD
20/12/2017;1.01;1.01;0.9909;0.9945;1891661;USD
21/12/2017;0.9945;0.995;0.9945;0.995;1745303;USD
22/12/2017;0.995;1.04;0.995;1.03;4501494;USD
23/12/2017;1.03;1.04;1.01;1.03;2499631;USD
24/12/2017;1.03;1.03;1.01;1.02;3846179;USD
25/12/2017;1.02;1.03;1.0;1.01;3450891;USD
26/12/2017;1.01;1.02;0.9993;1.0;2868584;USD
27/12/2017;1.0;1.01;0.9952;1.01;1771857;USD
28/12/2017;1.01;1.03;1.0;1.02;5004518;USD
29/12/2017;1.02;1.02;1.01;1.02;1811523;USD
30/12/2017;1.02;1.03;1.02;1.02;4025631;USD
31/12/2017;1.02;1.03;1.01;1.02;973137;USD
01/01/2018;1.02;1.03;1.01;1.01;1620590;USD
02/01/2018;1.01;1.02;1.01;1.02;915821;USD
03/01/2018;1.02;1.02;1.0;1.01;1091718;USD
04/01/2018;1.01;1.02;1.01;1.02;2307218;USD
05/01/2018;1.02;1.02;0.9993;1.0;3268557;USD
06/01/2018;1.0;1.01;0.9955;1.0;1811751;USD
07/01/2018;1.0;1.0;0.99;0.997;1208362;USD
08/01/2018;0.997;1.0;0.997;1.0;3217608;USD
09/01/2018;1.0;1.01;1.0;1.01;2502904;USD
10/01/2018;1.01;1.01;0.996;1.0;3026512;USD
11/01/2018;1.0;10.089;0.9942;0.9942;1240786;USD
13/01/2018;1.017;1.017;0.9926;1.01;773770;USD
14/01/2018;1.01;1.01;0.9996;10.082;5069449;USD
15/01/2018;10.082;10.082;1.0;10.034;5824967;USD
16/01/2018;10.034;1.03;10.018;1.03;8319629;USD
17/01/2018;1.03;1.03;10.023;10.126;11232001;USD
18/01/2018;10.126;10.235;10.118;10.235;4569710;USD
19/01/2018;10.235;10.235;1.015;10.174;7380190;USD
20/01/2018;10.174;1.02;10.054;10.122;3126936;USD
21/01/2018;10.122;1.016;10.051;10.068;2307435;USD
22/01/2018;10.068;1.015;10.027;10.093;4127749;USD
23/01/2018;10.093;10.115;10.001;1.003;5878230;USD
24/01/2018;1.003;10.088;10.013;10.036;4812792;USD
25/01/2018;10.036;10.084;0.9964;10.028;4770926;USD
26/01/2018;10.028;10.054;0.9968;10.004;3097241;USD
27/01/2018;10.004;10.004;0.995;0.995;4898148;USD
28/01/2018;0.995;0.997;0.934;0.9795;5221368;USD
29/01/2018;0.9795;0.998;0.95;0.9913;6180937;USD
30/01/2018;0.9924;10.464;0.9765;0.982;14383895;USD
31/01/2018;0.982;0.9866;0.982;0.9866;6149478;USD
01/02/2018;0.9866;0.9866;0.9704;0.9796;11828451;USD
02/02/2018;0.9797;0.9908;0.9797;0.9908;10724159;USD
03/02/2018;0.9908;0.9965;0.99;0.9965;3976267;USD
04/02/2018;0.9965;0.9965;0.9885;0.9964;3229191;USD
05/02/2018;0.9964;0.9964;0.9875;0.9899;7877001;USD
06/02/2018;0.9899;10.014;0.9868;10.014;10486445;USD
07/02/2018;10.014;10.014;0.9989;1.001;3561423;USD
08/02/2018;1.001;1.001;10.005;10.005;1879932;USD
09/02/2018;10.005;10.041;10.005;10.041;1916645;USD
10/02/2018;10.041;10.041;10.022;10.029;3005831;USD
11/02/2018;10.028;10.028;10.013;10.013;2722481;USD
12/02/2018;10.013;10.013;0.9996;1.001;1654711;USD
13/02/2018;1.001;1.001;10.004;10.008;1642382;USD
14/02/2018;10.008;10.023;10.008;10.023;1773836;USD
15/02/2018;10.021;1.004;10.021;1.004;2507784;USD
16/02/2018;1.004;1.004;10.032;10.032;1826634;USD
17/02/2018;10.197;10.197;10.028;1.006;1512574;USD
18/02/2018;1.006;1.006;10.035;10.058;3599780;USD
19/02/2018;10.058;10.058;10.027;10.034;1843609;USD
20/02/2018;10.034;10.034;10.006;10.019;4859301;USD
21/02/2018;10.024;10.029;0.9999;10.029;5139166;USD
22/02/2018;10.036;10.036;1.002;1.002;3199539;USD
23/02/2018;10.018;10.018;10.008;1.001;2855581;USD
24/02/2018;1.001;1.003;10.009;1.003;2416952;USD
25/02/2018;1.003;1.003;10.024;10.025;2925391;USD
26/02/2018;10.025;10.025;10.015;10.015;4562479;USD
27/02/2018;10.015;10.025;10.015;10.025;1085059;USD
28/02/2018;10.025;10.025;10.007;10.011;2127098;USD
01/03/2018;10.011;10.011;0.9994;10.002;3787989;USD
02/03/2018;10.002;10.003;10.001;10.003;815314;USD
03/03/2018;10.002;10.015;10.002;10.015;1010480;USD
04/03/2018;10.015;10.023;10.015;10.023;1103789;USD
05/03/2018;10.023;10.023;10.008;1.001;2956776;USD
06/03/2018;1.001;1.001;10.002;10.008;2846533;USD
07/03/2018;10.008;10.034;10.008;10.034;2591527;USD
08/03/2018;10.034;10.044;0.9834;10.044;5343663;USD
09/03/2018;10.046;10.046;10.013;1.003;2805636;USD
10/03/2018;1.003;10.034;1.002;10.034;1251375;USD
11/03/2018;10.034;1.007;10.034;1.007;1154212;USD
12/03/2018;1.007;1.007;10.036;10.036;1187353;USD
13/03/2018;10.036;10.036;0.9994;1.002;2028639;USD
14/03/2018;1.002;10.023;1.002;10.023;1897136;USD
15/03/2018;10.023;10.023;0.9939;10.007;4504161;USD
16/03/2018;10.007;10.014;0.9994;10.014;1340198;USD
17/03/2018;10.014;10.024;0.9943;10.024;1012028;USD
18/03/2018;10.024;10.024;0.9929;0.9978;2772472;USD
19/03/2018;0.9978;10.016;0.9978;10.016;2046256;USD
20/03/2018;10.017;10.029;0.9986;10.029;1899371;USD
21/03/2018;10.029;10.029;0.9967;10.015;1069105;USD
22/03/2018;10.015;10.015;10.009;10.014;971532;USD
23/03/2018;10.014;10.014;0.9991;10.007;1532844;USD
24/03/2018;10.007;10.023;0.9848;10.023;729319;USD
25/03/2018;10.023;10.028;10.022;10.028;635939;USD
26/03/2018;10.028;10.035;10.017;10.035;1328379;USD
27/03/2018;10.035;10.045;10.028;10.045;1640880;USD
28/03/2018;10.045;10.045;10.015;10.015;774224;USD
29/03/2018;10.015;10.015;0.9958;0.9982;3016995;USD
30/03/2018;0.9982;0.9982;0.9944;0.9967;2609480;USD
31/03/2018;0.9967;10.003;0.9966;10.003;368233;USD
01/04/2018;10.003;10.004;0.9941;10.004;1996155;USD
02/04/2018;10.004;10.016;0.9996;10.016;655741;USD
03/04/2018;10.016;10.027;0.9989;10.027;1276105;USD
04/04/2018;10.027;10.027;0.9963;10.002;1711784;USD
05/04/2018;10.002;10.006;1.0;10.006;973603;USD
06/04/2018;10.006;10.006;0.9979;10.005;1058155;USD
07/04/2018;10.005;10.021;0.9987;10.021;3119656;USD
08/04/2018;10.021;10.021;0.9981;0.9996;1658189;USD
09/04/2018;0.9996;10.166;0.9993;10.011;952659;USD
10/04/2018;10.011;1.023;0.9488;10.011;457109;USD
11/04/2018;10.011;10.165;0.9992;10.001;841571;USD
12/04/2018;10.001;10.102;0.9952;0.9999;2625652;USD
13/04/2018;0.9999;10.087;0.9994;10.004;2912447;USD
14/04/2018;10.004;10.109;1.0;10.004;831049;USD
15/04/2018;10.004;10.053;0.9992;10.002;789692;USD
16/04/2018;10.002;10.034;0.9983;10.001;2002525;USD
17/04/2018;10.001;10.124;0.9993;0.9995;1113352;USD
18/04/2018;0.9995;1.011;0.9992;10.001;1003949;USD
19/04/2018;10.001;10.077;0.9995;10.005;784134;USD
20/04/2018;10.005;10.035;0.997;10.019;1684930;USD
21/04/2018;10.019;10.032;0.9932;10.002;985044;USD
22/04/2018;10.002;10.042;0.9952;1.003;710350;USD
23/04/2018;1.003;10.043;0.999;10.019;777446;USD
24/04/2018;10.019;1.004;0.9975;10.017;2133433;USD
25/04/2018;10.018;10.044;10.001;10.005;3522334;USD
26/04/2018;10.005;1.007;10.001;10.004;3435284;USD
27/04/2018;10.004;10.043;0.999;10.009;1892111;USD
28/04/2018;10.009;10.015;10.005;10.005;1633328;USD
29/04/2018;10.005;1.003;0.9991;1.001;1933166;USD
30/04/2018;1.001;10.046;0.9998;10.002;1655430;USD
01/05/2018;10.002;10.041;0.9998;1.001;1738532;USD
02/05/2018;1.001;1.002;0.9996;0.9996;2372350;USD
03/05/2018;0.9996;0.9999;0.9939;0.9965;3552016;USD
04/05/2018;0.9965;10.002;0.9951;0.9982;4591928;USD
05/05/2018;0.9982;0.9999;0.9922;0.993;1663065;USD
06/05/2018;0.993;0.9992;0.989;0.9937;1087914;USD
07/05/2018;0.9937;1.0;0.989;1.0;1940870;USD
08/05/2018;0.998;10.012;0.9975;10.001;5913999;USD
09/05/2018;10.001;10.003;0.999;1.0;3595778;USD
10/05/2018;1.0;10.007;0.999;0.999;5775162;USD
11/05/2018;0.999;10.007;0.999;0.9992;1726807;USD
12/05/2018;0.9992;10.007;0.999;10.001;1080224;USD
13/05/2018;10.001;1.002;0.9991;1.0;507510;USD
14/05/2018;1.0;10.002;0.9991;0.9999;906011;USD
15/05/2018;0.9999;10.003;0.9995;1.0;1453311;USD
16/05/2018;1.0;10.049;0.9994;10.011;1566266;USD
17/05/2018;10.011;10.012;0.9998;10.007;809989;USD
18/05/2018;10.007;1.002;0.9942;0.9979;2135996;USD
19/05/2018;0.9979;1.0;0.9979;0.9998;981038;USD
20/05/2018;0.9998;10.014;0.998;10.002;408073;USD
21/05/2018;10.002;1.002;0.9972;0.9985;1769151;USD
22/05/2018;0.9983;1.0;0.99;0.9988;1860180;USD
23/05/2018;0.9988;1.001;0.995;0.9998;1295355;USD
24/05/2018;0.9998;10.009;0.9905;0.9996;1213728;USD
25/05/2018;0.9996;10.007;0.9982;0.9998;955804;USD
26/05/2018;0.9998;1.001;0.9988;0.9989;986742;USD
27/05/2018;0.9989;1.0;0.9983;0.9983;389144;USD
28/05/2018;0.9983;10.006;0.998;0.9999;693437;USD
29/05/2018;0.9999;10.022;0.9934;0.9983;1645548;USD
30/05/2018;1.0;10.044;0.9954;0.9987;1871588;USD
31/05/2018;0.9992;10.047;0.9968;0.9982;645254;USD
01/06/2018;0.996;0.9988;0.996;0.9988;414024;USD
02/06/2018;1.0;10.007;0.9959;0.9998;2036833;USD
03/06/2018;0.9951;10.007;0.9942;0.9997;1239960;USD
04/06/2018;0.9959;10.011;0.9928;0.9988;908548;USD
05/06/2018;0.9988;10.017;0.9976;0.9993;1175077;USD
06/06/2018;0.9992;0.9992;0.9972;0.9972;1367758;USD
07/06/2018;0.9972;10.001;0.9962;0.9987;1519556;USD
08/06/2018;0.9955;10.017;0.9955;0.999;294928;USD
09/06/2018;10.007;10.026;0.9972;0.9987;218153;USD
10/06/2018;10.055;10.055;0.9995;10.013;1390242;USD
11/06/2018;10.193;10.197;0.9975;10.004;1397918;USD
12/06/2018;10.004;10.131;0.9997;10.011;1102646;USD
13/06/2018;10.011;10.202;10.011;10.124;32656;USD
14/06/2018;10.124;10.124;10.007;10.007;2818662;USD
15/06/2018;10.164;10.164;10.004;10.004;2411159;USD
16/06/2018;10.289;10.299;0.9993;10.007;524205;USD
17/06/2018;10.246;10.269;10.005;10.008;752234;USD
18/06/2018;10.278;10.278;0.9995;0.9997;1112052;USD
19/06/2018;10.145;10.153;0.999;0.9999;1234219;USD
20/06/2018;0.9999;10.114;0.999;0.9992;741430;USD
21/06/2018;1.0;10.004;0.9957;0.9997;659143;USD
22/06/2018;10.002;10.013;10.002;10.013;1523443;USD
23/06/2018;10.264;10.264;10.041;10.041;306209;USD
24/06/2018;10.212;10.246;10.011;10.019;1890911;USD
25/06/2018;10.209;10.224;0.9915;10.003;1918657;USD
26/06/2018;1.016;1.016;0.9992;0.9997;1040472;USD
27/06/2018;10.072;10.111;0.9992;10.001;1095650;USD
28/06/2018;10.048;10.111;0.9984;10.111;18728;USD
29/06/2018;10.111;10.139;0.9989;0.9999;903521;USD
30/06/2018;10.121;10.121;0.9988;0.9988;1375680;USD
01/07/2018;0.9997;1.002;0.9949;0.998;407403;USD
02/07/2018;0.9948;0.9989;0.9948;0.9989;899170;USD
03/07/2018;0.9977;0.9999;0.9962;0.9992;627596;USD
04/07/2018;0.9992;10.049;0.9974;0.9989;809264;USD
05/07/2018;0.9989;10.065;0.9985;0.9993;531855;USD
06/07/2018;10.094;10.101;0.9964;0.9988;777362;USD
07/07/2018;10.057;10.063;0.9946;10.003;423200;USD
08/07/2018;10.044;1.005;0.9988;0.9994;270609;USD
09/07/2018;0.9994;10.047;0.9992;0.9992;627246;USD
10/07/2018;0.9992;10.069;0.9989;1.0;710001;USD
11/07/2018;10.091;10.129;0.999;10.021;660468;USD
12/07/2018;10.021;10.112;0.9983;0.9992;1115856;USD
13/07/2018;0.9991;10.127;0.9991;1.002;821088;USD
14/07/2018;1.002;10.159;0.9958;0.9994;1424435;USD
15/07/2018;10.045;10.127;0.9978;1.0;1277727;USD
16/07/2018;10.111;10.134;0.9913;0.9989;3190635;USD
17/07/2018;0.9983;10.005;0.9951;0.999;1795167;USD
18/07/2018;0.999;1.0;0.9924;0.9988;3992550;USD
19/07/2018;0.9988;0.9998;0.9955;0.9998;1421254;USD
20/07/2018;0.9998;0.9999;0.9962;0.9982;1223378;USD
21/07/2018;0.9982;10.039;0.9973;0.9998;374437;USD
22/07/2018;0.9997;10.134;0.9953;0.9988;2095346;USD
23/07/2018;0.9988;10.009;0.9958;0.9978;1771820;USD
24/07/2018;1.001;10.023;0.9965;0.9981;1751509;USD
25/07/2018;0.9981;0.9998;0.994;0.9981;1423224;USD
26/07/2018;0.9981;0.9994;0.9922;0.999;1265993;USD
27/07/2018;1.001;10.014;0.9964;0.9997;1605047;USD
28/07/2018;0.9997;10.037;0.9936;0.9985;212919;USD
29/07/2018;0.9985;10.009;0.9944;0.9999;3119132;USD
30/07/2018;0.9999;10.006;0.9954;0.9973;791673;USD
31/07/2018;0.9973;10.094;0.9888;0.9981;1446779;USD
01/08/2018;0.9981;10.055;0.9961;0.9995;639417;USD
02/08/2018;10.058;10.065;0.9866;0.9985;675288;USD
03/08/2018;0.9985;0.9991;0.9974;0.9991;1523542;USD
04/08/2018;10.045;10.045;0.9973;0.9989;499876;USD
05/08/2018;10.021;10.041;0.9974;0.9992;722234;USD
06/08/2018;1.005;10.234;0.989;0.9975;635293;USD
07/08/2018;0.9975;10.034;0.9975;0.9998;867020;USD
08/08/2018;1.004;10.045;10.002;10.002;2478806;USD
09/08/2018;10.002;10.103;0.9924;0.999;2212525;USD
10/08/2018;0.999;10.078;0.999;10.003;1784789;USD
11/08/2018;10.056;10.074;0.9993;10.011;856626;USD
12/08/2018;10.011;10.186;0.999;1.0;265025;USD
13/08/2018;1.0;10.189;0.9935;1.0;2855545;USD
14/08/2018;1.0;10.282;0.9993;10.015;2313328;USD
15/08/2018;10.117;10.117;1.0;10.011;985692;USD
16/08/2018;10.011;10.026;0.9976;0.9993;1571503;USD
17/08/2018;0.9993;10.039;0.9966;0.9999;865956;USD
18/08/2018;0.9999;10.127;0.9999;10.019;571541;USD
19/08/2018;10.019;10.042;10.003;10.004;218796;USD
20/08/2018;10.004;10.047;0.9982;10.006;1110204;USD
21/08/2018;10.006;10.201;0.9991;0.9993;364148;USD
22/08/2018;10.039;10.066;0.9968;0.9997;1859221;USD
23/08/2018;0.9997;10.147;0.9995;10.002;690680;USD
24/08/2018;10.002;1.007;0.9992;0.9995;244228;USD
25/08/2018;10.045;10.133;0.9979;10.007;176542;USD
26/08/2018;10.052;10.063;0.9929;0.9993;156374;USD
27/08/2018;0.9993;1.022;0.9993;0.9999;1482857;USD
28/08/2018;0.9999;10.028;0.9973;0.9986;3022689;USD
29/08/2018;0.9991;10.022;0.9978;0.9987;1259072;USD
30/08/2018;0.9987;0.9992;0.9973;0.9992;1021315;USD
31/08/2018;10.044;10.051;0.9876;1.0;2713552;USD
01/09/2018;1.0;10.043;0.9982;0.9983;1729627;USD
02/09/2018;0.9983;10.025;0.9941;0.9986;1740708;USD
03/09/2018;0.9986;0.9986;0.9983;0.9985;375511;USD
04/09/2018;0.9985;10.011;0.9969;0.9969;2173915;USD
05/09/2018;0.9969;10.026;0.9965;0.9965;5919208;USD
06/09/2018;0.9965;10.117;0.9965;0.9982;2324595;USD
07/09/2018;10.108;10.141;0.9982;0.9999;1814362;USD
08/09/2018;0.9999;10.191;0.9991;10.005;784676;USD
09/09/2018;10.005;10.285;0.9982;0.9983;907536;USD
10/09/2018;10.188;10.188;0.9979;0.9979;998877;USD
11/09/2018;0.9979;0.9985;0.9947;0.9985;1209188;USD
12/09/2018;10.187;10.192;0.9918;0.9982;2666447;USD
13/09/2018;0.9982;10.165;0.9982;0.9994;2780210;USD
14/09/2018;10.088;10.091;0.9991;0.9997;1991345;USD
15/09/2018;10.082;10.088;0.9991;1.0;350760;USD
16/09/2018;10.065;10.066;0.9999;0.9999;93313;USD
17/09/2018;10.052;10.083;0.9992;0.9992;888184;USD
18/09/2018;0.9992;10.137;0.9944;0.9992;2005666;USD
19/09/2018;0.9992;10.105;0.9978;10.082;21753;USD
20/09/2018;10.082;10.082;0.9993;0.9993;1685682;USD
21/09/2018;0.9993;10.092;0.9811;0.9984;1702517;USD
22/09/2018;0.9984;10.048;0.998;0.9986;758195;USD
23/09/2018;0.9986;10.019;0.9982;0.9991;363335;USD
24/09/2018;10.002;10.002;0.999;0.999;1017968;USD
25/09/2018;0.999;10.053;0.9982;0.999;1017444;USD
26/09/2018;10.038;1.009;0.9834;0.9976;3035547;USD
27/09/2018;0.9976;10.075;0.9976;0.9977;2299700;USD
28/09/2018;10.015;10.015;0.9983;0.9983;955237;USD
29/09/2018;0.9983;0.9983;0.9972;0.9972;503200;USD
30/09/2018;0.9972;10.042;0.9969;0.9969;352281;USD
01/10/2018;0.9971;0.9971;0.9951;0.9951;1198812;USD
02/10/2018;1.007;1.007;0.9919;0.9919;2253810;USD
03/10/2018;10.046;10.046;0.9939;0.9939;1161714;USD
04/10/2018;0.9937;0.9939;0.9937;0.9939;1244989;USD
05/10/2018;1.007;1.007;0.9922;0.9922;1668736;USD
06/10/2018;0.9922;0.994;0.9922;0.994;420888;USD
07/10/2018;0.994;0.9942;0.994;0.9942;611950;USD
08/10/2018;0.9942;10.092;0.9901;0.9909;2077203;USD
09/10/2018;0.9909;10.042;0.9888;0.9895;1296180;USD
10/10/2018;10.049;10.049;0.983;0.9831;1455045;USD
11/10/2018;0.9831;10.078;0.9733;0.9826;5296976;USD
12/10/2018;10.243;10.243;0.9719;0.9817;3496363;USD
13/10/2018;10.212;10.212;0.9794;0.9803;1663046;USD
14/10/2018;0.9803;10.202;0.9726;0.9763;2716227;USD
15/10/2018;10.203;10.203;0.8718;0.9569;30078612;USD
16/10/2018;0.9569;0.9908;0.9514;0.9543;12471387;USD
17/10/2018;0.9543;0.9891;0.9525;0.9577;4116950;USD
18/10/2018;0.9577;0.9899;0.9555;0.9648;5386387;USD
19/10/2018;0.9648;0.9931;0.9648;0.9772;2166899;USD
20/10/2018;0.9772;10.034;0.9728;0.9738;1592914;USD
21/10/2018;10.001;10.001;0.9733;0.9747;1282451;USD
22/10/2018;0.9747;0.9994;0.9682;0.9736;1859668;USD
23/10/2018;0.9985;0.9985;0.9713;0.978;2500602;USD
24/10/2018;0.978;10.016;0.9743;0.9786;989255;USD
25/10/2018;0.9786;1.005;0.9753;0.9778;2190791;USD
26/10/2018;0.9778;10.075;0.9766;0.9794;3312814;USD
27/10/2018;0.9794;10.083;0.9794;0.9901;10327718;USD
28/10/2018;10.084;10.084;0.9881;0.9907;18343862;USD
29/10/2018;1.012;1.012;0.9828;0.987;9944815;USD
30/10/2018;0.9931;0.9962;0.9868;0.9934;16380638;USD
31/10/2018;0.9962;0.9964;0.9892;0.992;9651397;USD
01/11/2018;0.992;0.9955;0.9885;0.9912;3366240;USD
02/11/2018;0.9938;0.9953;0.9885;0.9895;3102662;USD
03/11/2018;0.9895;0.9963;0.9895;0.9942;1220811;USD
04/11/2018;0.9942;0.9964;0.99;0.9916;1652594;USD
05/11/2018;0.9916;0.9946;0.9887;0.9915;1935417;USD
06/11/2018;0.9956;0.9989;0.9877;0.9913;2622700;USD
07/11/2018;0.993;0.9931;0.9858;0.991;5733589;USD
08/11/2018;0.991;0.9922;0.9869;0.9898;5020576;USD
09/11/2018;0.9898;0.993;0.9866;0.9871;3704682;USD
10/11/2018;0.9871;0.9919;0.9862;0.9879;2685327;USD
11/11/2018;10.008;10.016;0.9853;0.9865;3164211;USD
12/11/2018;0.9865;0.993;0.9803;0.9804;5070489;USD
13/11/2018;0.9803;0.9882;0.9693;0.9693;4341882;USD
14/11/2018;0.9693;0.9806;0.942;0.9506;12695715;USD
15/11/2018;0.9506;0.9799;0.9506;0.9706;14557898;USD
16/11/2018;0.9706;0.9846;0.9706;0.9765;10079815;USD
17/11/2018;0.9765;0.9952;0.9765;0.9798;9609548;USD
18/11/2018;0.9798;0.9931;0.9798;0.9847;7595436;USD
19/11/2018;0.9982;0.9982;0.9636;0.9637;15654027;USD
20/11/2018;0.9637;0.9748;0.9319;0.9571;18026834;USD
21/11/2018;0.9571;0.9778;0.9571;0.974;8197135;USD
22/11/2018;0.9833;0.984;0.9712;0.9779;5236984;USD
23/11/2018;0.9779;0.9816;0.9692;0.9709;5582663;USD
24/11/2018;0.9709;0.9909;0.9589;0.9637;8158584;USD
25/11/2018;0.9637;0.9734;0.9472;0.9626;9563032;USD
26/11/2018;0.9626;0.9733;0.9547;0.9656;6578581;USD
27/11/2018;0.9656;0.9764;0.9656;0.9714;5784518;USD
28/11/2018;0.9779;0.9903;0.9736;0.9891;13359680;USD
29/11/2018;0.9891;0.993;0.9842;0.9889;5705037;USD
30/11/2018;0.9889;0.993;0.9812;0.9857;2862540;USD
01/12/2018;0.9857;0.9923;0.9838;0.9881;2319509;USD
02/12/2018;0.9881;0.999;0.9833;0.9842;1242128;USD
03/12/2018;0.9842;0.9927;0.9835;0.9894;1817417;USD
04/12/2018;0.9894;0.9956;0.9868;0.9879;3092043;USD
05/12/2018;0.9879;10.036;0.9809;0.9833;2251007;USD
06/12/2018;0.9826;0.9911;0.9805;0.981;2866662;USD
07/12/2018;0.984;0.9978;0.984;0.9931;8533149;USD
08/12/2018;0.9931;10.007;0.9886;0.9964;3650867;USD
09/12/2018;0.9964;10.004;0.9942;0.995;1510369;USD
10/12/2018;0.995;10.004;0.9936;0.9971;1321389;USD
11/12/2018;10.076;10.104;0.9885;0.9928;2403979;USD
12/12/2018;1.003;1.003;0.9945;0.9955;1984860;USD
13/12/2018;0.9955;10.045;0.9867;0.9884;6526861;USD
14/12/2018;0.9884;0.9933;0.9864;0.993;2438898;USD
15/12/2018;0.9932;0.9984;0.991;0.9922;1045786;USD
16/12/2018;0.9922;0.9993;0.9897;0.9919;1193475;USD
17/12/2018;0.9919;1.003;0.9918;0.9974;3524722;USD
18/12/2018;0.9974;10.044;0.9967;10.039;5554190;USD
19/12/2018;1.009;10.145;0.9978;10.047;5081886;USD
20/12/2018;10.047;10.139;10.003;10.065;8733859;USD
21/12/2018;10.065;10.105;10.006;10.007;4074420;USD
22/12/2018;10.022;10.085;0.9999;10.082;2547705;USD
23/12/2018;10.146;1.015;10.032;1.004;1452837;USD
24/12/2018;1.01;10.115;10.034;10.053;4426214;USD
25/12/2018;10.053;10.136;10.033;10.116;2304640;USD
26/12/2018;10.116;1.019;10.072;10.096;1237429;USD
27/12/2018;10.162;10.162;1.006;10.075;2504934;USD
28/12/2018;10.075;10.173;10.043;10.117;7098340;USD
29/12/2018;10.144;10.184;10.054;10.097;3471495;USD
30/12/2018;10.097;10.119;10.048;10.083;2283559;USD
31/12/2018;10.083;10.113;0.9996;0.9996;2671518;USD
01/01/2019;0.9995;10.076;0.999;10.063;1360770;USD
02/01/2019;10.063;10.172;10.045;10.073;4987898;USD
03/01/2019;10.083;1.01;10.036;10.054;4653002;USD
04/01/2019;10.054;10.108;10.019;10.066;5784246;USD
05/01/2019;10.066;10.132;10.051;10.058;2829769;USD
06/01/2019;10.058;1.015;10.041;10.113;4484118;USD
07/01/2019;10.169;10.169;10.063;10.067;2578511;USD
08/01/2019;10.067;10.136;10.053;10.066;8540018;USD
09/01/2019;10.066;10.143;1.004;1.007;8436311;USD
10/01/2019;1.007;10.119;10.026;10.102;13044839;USD
11/01/2019;10.102;10.205;10.076;10.078;17389256;USD
12/01/2019;10.078;10.265;10.078;10.091;2794132;USD
13/01/2019;10.091;10.172;10.084;10.088;4018006;USD
14/01/2019;10.182;10.198;10.085;10.091;12115850;USD
15/01/2019;10.091;10.166;10.062;10.064;8991679;USD
16/01/2019;10.064;10.156;10.036;10.038;7367658;USD
17/01/2019;10.038;10.127;10.032;10.054;9179460;USD
18/01/2019;10.054;10.178;10.033;10.039;4990038;USD
19/01/2019;10.039;10.263;10.037;1.004;5756290;USD
20/01/2019;1.004;10.124;0.9981;10.012;1869647;USD
21/01/2019;10.012;10.167;10.012;10.026;1409225;USD
22/01/2019;10.158;10.158;10.006;10.017;2606109;USD
23/01/2019;10.017;10.091;10.017;10.039;2254605;USD
24/01/2019;10.039;10.238;10.009;10.023;1702886;USD
25/01/2019;10.023;10.124;10.003;10.012;1149830;USD
26/01/2019;10.116;10.126;0.9991;10.011;421204;USD
27/01/2019;10.011;10.116;0.9987;0.9989;667105;USD
28/01/2019;0.9989;10.215;0.9977;1.0;2079899;USD
29/01/2019;1.0;10.118;0.9954;0.9963;2179909;USD
30/01/2019;0.9963;10.062;0.9944;0.9947;2298973;USD
31/01/2019;0.9947;10.073;0.9926;0.9949;3020941;USD
01/02/2019;10.005;1.002;0.9903;0.9933;1786789;USD
02/02/2019;10.012;10.052;0.9904;0.9904;742684;USD
03/02/2019;0.9904;0.9941;0.9879;0.9889;1010985;USD
04/02/2019;0.9899;0.991;0.9856;0.9859;1291210;USD
05/02/2019;0.9859;0.9917;0.9859;0.9889;2239831;USD
06/02/2019;0.9889;0.9962;0.9869;0.9888;3284088;USD
07/02/2019;0.9888;0.9972;0.988;0.9888;1892582;USD
08/02/2019;0.9954;0.9954;0.9864;0.9899;6933774;USD
09/02/2019;0.9899;0.9944;0.9889;0.9898;1808147;USD
10/02/2019;0.9942;0.9949;0.9897;0.9924;1698878;USD
11/02/2019;0.9924;0.9983;0.9878;0.9886;2750603;USD
12/02/2019;0.9886;0.996;0.9872;0.9887;2385036;USD
13/02/2019;0.9887;0.9938;0.9887;0.9896;2077321;USD
14/02/2019;0.9947;0.9947;0.9893;0.9907;4139454;USD
15/02/2019;0.9907;0.9965;0.9904;0.9906;2458640;USD
16/02/2019;0.9906;0.9942;0.99;0.9906;1867782;USD
17/02/2019;0.9906;0.997;0.988;0.9893;2917704;USD
18/02/2019;0.9893;10.055;0.9893;0.9925;5362578;USD
19/02/2019;0.9925;10.066;0.9925;0.9931;2275647;USD
20/02/2019;0.9931;10.049;0.9899;0.9919;3439972;USD
21/02/2019;0.9919;0.9958;0.9902;0.9902;2544897;USD
22/02/2019;0.9902;0.9951;0.9902;0.9929;3177017;USD
23/02/2019;0.9929;0.9989;0.9929;0.9986;4281365;USD
24/02/2019;10.016;10.024;0.9942;0.9984;5537158;USD
25/02/2019;0.9984;10.082;0.9937;0.9971;3897013;USD
26/02/2019;0.9965;10.001;0.9951;0.997;1564285;USD
27/02/2019;0.997;10.009;0.9947;0.9955;2899391;USD
28/02/2019;10.051;10.095;0.9946;0.9954;2276242;USD
01/03/2019;0.9954;10.211;0.9948;0.9962;2156375;USD
02/03/2019;10.073;10.075;0.9975;0.999;572401;USD
03/03/2019;10.033;10.048;0.9946;0.9947;1306688;USD
04/03/2019;0.9947;10.001;0.9947;0.9967;2011234;USD
05/03/2019;10.023;1.003;0.9949;0.9972;5298668;USD
06/03/2019;0.9972;10.006;0.9955;0.9964;2182719;USD
07/03/2019;0.9964;10.011;0.9957;0.9958;1796598;USD
08/03/2019;0.9958;10.015;0.994;0.9943;1343213;USD
09/03/2019;0.9943;0.9992;0.9937;0.994;1275181;USD
10/03/2019;0.9937;0.9975;0.9937;0.9966;440903;USD
11/03/2019;0.9966;10.008;0.9942;0.9953;1302143;USD
12/03/2019;0.9953;0.9997;0.9936;0.9961;1463365;USD
13/03/2019;0.9961;10.009;0.9953;0.997;1340355;USD
14/03/2019;10.031;10.031;0.9936;0.9948;3426283;USD
15/03/2019;10.004;10.014;0.9933;0.9958;1490332;USD
16/03/2019;0.9958;10.035;0.9958;0.9985;2509827;USD
17/03/2019;0.9985;10.132;0.9958;0.9963;603512;USD
18/03/2019;0.9963;10.044;0.9941;0.9962;1622748;USD
19/03/2019;0.9962;10.039;0.9948;0.9965;1634895;USD
20/03/2019;0.9965;0.9986;0.9952;0.9976;1601726;USD
21/03/2019;0.9976;10.006;0.9971;0.9979;6077384;USD
22/03/2019;0.9979;10.048;0.9977;0.9979;2390351;USD
23/03/2019;0.9979;10.029;0.9963;0.9965;1329900;USD
24/03/2019;0.9965;10.103;0.9965;0.9969;1064532;USD
25/03/2019;0.9969;10.086;0.9943;0.9949;1608780;USD
26/03/2019;0.9949;0.999;0.9949;0.9965;698598;USD
27/03/2019;0.9965;10.026;0.9955;0.997;2320053;USD
28/03/2019;10.015;10.015;0.9957;0.9961;1916454;USD
29/03/2019;0.9961;0.9989;0.9943;0.9973;2811091;USD
30/03/2019;10.084;1.01;0.9974;0.9979;896229;USD
31/03/2019;0.9979;10.056;0.9976;10.006;673410;USD
01/04/2019;10.006;10.039;0.9969;0.9983;2203241;USD
02/04/2019;0.9999;10.239;0.9982;10.072;9810196;USD
03/04/2019;10.072;10.108;0.9969;10.054;9561748;USD
04/04/2019;10.054;10.082;10.007;1.002;6437908;USD
05/04/2019;1.002;1.006;0.9998;10.054;3609593;USD
06/04/2019;10.054;10.072;10.003;10.004;1610179;USD
07/04/2019;10.004;10.066;0.9998;10.036;947256;USD
08/04/2019;10.036;10.127;10.006;10.067;10756168;USD
09/04/2019;10.112;10.112;10.052;10.066;16715102;USD
10/04/2019;10.108;10.116;10.014;10.022;15397960;USD
11/04/2019;10.022;10.083;10.019;10.041;12756884;USD
12/04/2019;10.068;10.095;10.027;10.032;12032870;USD
13/04/2019;10.092;10.092;10.031;10.038;1129968;USD
14/04/2019;10.038;10.083;10.032;1.004;1544365;USD
15/04/2019;1.004;10.102;10.006;10.006;5873131;USD
16/04/2019;10.006;10.059;10.006;10.035;4142536;USD
17/04/2019;10.035;1.007;10.027;10.029;5596131;USD
18/04/2019;10.029;10.099;10.022;10.036;2977084;USD
19/04/2019;10.036;10.085;10.023;10.035;4180447;USD
20/04/2019;10.035;10.058;10.026;10.034;1436772;USD
21/04/2019;10.034;10.069;10.034;10.049;3049770;USD
22/04/2019;10.049;1.013;10.033;10.041;8020526;USD
23/04/2019;1.007;1.012;10.042;1.006;12470861;USD
24/04/2019;10.093;10.106;10.045;10.046;20763516;USD
25/04/2019;10.046;10.116;0.9867;0.9895;22640088;USD
26/04/2019;0.9895;10.073;0.9895;0.9973;24755708;USD
27/04/2019;0.9973;1.015;0.9967;10.069;8553029;USD
28/04/2019;10.069;10.234;0.9953;0.9953;6913823;USD
29/04/2019;10.258;10.312;10.073;10.152;11315573;USD
30/04/2019;10.152;1.042;10.152;10.207;13272558;USD
01/05/2019;10.207;10.445;10.107;10.111;6959852;USD
02/05/2019;10.111;10.441;10.111;10.166;6588043;USD
03/05/2019;10.166;10.401;10.157;10.159;9958678;USD
04/05/2019;10.159;10.422;10.073;10.114;5369597;USD
05/05/2019;10.114;10.398;10.114;10.288;3785941;USD
06/05/2019;10.457;10.496;10.206;10.213;6927642;USD
07/05/2019;10.213;10.492;10.213;10.281;14459050;USD
08/05/2019;10.281;10.436;10.177;10.189;5382783;USD
09/05/2019;10.306;10.315;10.057;10.057;7756469;USD
10/05/2019;10.057;10.137;10.031;10.031;11965333;USD
11/05/2019;10.081;1.741.763;0.9991;1.0;27611164;USD
12/05/2019;1.0;10.077;0.9958;10.011;24214992;USD
13/05/2019;10.011;10.119;0.997;0.9989;40106744;USD
14/05/2019;0.9989;0.9994;0.9906;0.9966;31847116;USD
15/05/2019;0.9966;10.026;0.9949;0.9978;15307171;USD
16/05/2019;0.9956;10.022;0.9946;0.9994;16953594;USD
17/05/2019;0.9994;10.101;0.9945;1.005;20224876;USD
18/05/2019;10.049;10.079;10.004;10.012;5740708;USD
19/05/2019;10.012;10.065;1.0;10.044;14311471;USD
20/05/2019;10.044;10.058;10.001;10.057;12480028;USD
21/05/2019;10.056;1.007;10.025;10.039;8591701;USD
22/05/2019;10.039;10.046;0.9991;1.0;10320209;USD
23/05/2019;1.0;10.036;0.9988;10.029;6474817;USD
24/05/2019;10.024;10.067;10.019;1.003;8896580;USD
25/05/2019;1.003;10.049;10.021;1.003;11321943;USD
26/05/2019;1.003;10.142;1.001;10.091;30849416;USD
27/05/2019;10.088;10.134;10.015;10.036;19303668;USD
28/05/2019;10.036;10.049;10.006;10.014;9114673;USD
29/05/2019;10.014;1.004;1.001;10.031;14967802;USD
30/05/2019;10.031;1.004;0.9995;10.003;24999794;USD
31/05/2019;10.003;10.009;0.9963;0.9988;16562458;USD
01/06/2019;0.9988;10.023;0.9975;10.002;8194035;USD
02/06/2019;10.002;10.033;0.9994;10.006;6392024;USD
03/06/2019;10.006;1.002;0.9968;0.9989;15939068;USD
04/06/2019;0.9989;1.001;0.9958;0.9995;15082060;USD
05/06/2019;0.9995;10.034;0.9995;1.002;7744784;USD
06/06/2019;1.002;10.032;10.006;10.024;5895467;USD
07/06/2019;10.024;1.004;10.012;10.024;7153986;USD
08/06/2019;10.024;10.041;1.001;10.039;1976724;USD
09/06/2019;10.039;10.046;10.008;10.013;5828171;USD
10/06/2019;10.013;10.047;10.007;10.039;6374916;USD
11/06/2019;10.039;10.042;10.014;10.031;7563051;USD
12/06/2019;10.028;10.055;10.024;10.036;20182720;USD
13/06/2019;10.036;10.039;10.017;10.017;11640817;USD
14/06/2019;10.017;10.041;10.007;10.041;12764507;USD
15/06/2019;10.035;10.043;1.003;10.037;11670386;USD
16/06/2019;10.036;10.062;10.014;10.022;20700394;USD
17/06/2019;10.023;10.046;10.009;10.033;14716240;USD
18/06/2019;10.035;10.043;0.9991;10.005;13728372;USD
19/06/2019;10.005;10.034;10.005;10.034;7453717;USD
20/06/2019;10.034;10.044;10.024;10.034;10878000;USD
21/06/2019;10.039;10.043;10.007;10.033;13248354;USD
22/06/2019;10.033;1.004;0.9975;10.001;27615452;USD
23/06/2019;10.014;10.016;0.9966;0.9977;12347728;USD
24/06/2019;0.9978;10.009;0.9975;0.9984;12810676;USD
25/06/2019;0.9984;10.003;0.9953;0.9953;16387745;USD
26/06/2019;0.9953;0.9979;0.9817;0.9869;51667964;USD
27/06/2019;0.9869;0.9948;0.9855;0.9884;36071376;USD
28/06/2019;0.9883;0.9961;0.9865;0.9928;28906788;USD
29/06/2019;0.9928;0.9995;0.992;0.9989;16425290;USD
30/06/2019;0.9989;10.008;0.9921;0.9937;11438901;USD
01/07/2019;0.9936;10.021;0.9936;10.007;14643932;USD
02/07/2019;10.007;10.036;0.9973;10.021;16796120;USD
03/07/2019;10.032;10.036;10.003;10.029;19907648;USD
04/07/2019;10.029;10.034;10.014;10.014;16440812;USD
05/07/2019;10.014;10.033;0.9988;10.022;9927804;USD
06/07/2019;10.022;10.047;10.022;10.026;17996780;USD
07/07/2019;10.026;10.047;10.021;10.045;9641347;USD
08/07/2019;10.045;10.049;10.036;10.039;19869520;USD
09/07/2019;1.004;10.042;10.004;10.017;13678978;USD
10/07/2019;10.017;10.029;0.9979;0.9985;15429202;USD
11/07/2019;0.9985;1.002;0.998;10.002;10536131;USD
12/07/2019;10.002;10.033;0.9989;10.027;4825521;USD
13/07/2019;10.024;10.028;0.9961;0.9977;12309093;USD
14/07/2019;0.9977;10.007;0.9957;10.006;10649898;USD
15/07/2019;10.006;10.024;0.9986;0.9989;8878242;USD
16/07/2019;0.9984;10.019;0.9969;10.002;15745998;USD
17/07/2019;10.002;10.027;0.999;10.024;8072292;USD
18/07/2019;10.024;10.034;0.9987;10.019;9179081;USD
19/07/2019;10.019;10.034;0.9999;10.017;7616177;USD
20/07/2019;10.016;10.025;10.002;10.013;7578981;USD
21/07/2019;1.001;1.001;0.9979;0.9996;6749639;USD
22/07/2019;0.9996;10.006;0.9977;0.9988;6208241;USD
23/07/2019;0.9988;10.005;0.9976;0.9997;6077452;USD
24/07/2019;0.9996;1.001;0.9985;10.004;7682118;USD
25/07/2019;10.004;10.022;10.002;10.009;7668851;USD
26/07/2019;10.009;10.024;10.005;10.012;8088613;USD
27/07/2019;10.012;10.026;0.9965;0.9995;21701796;USD
28/07/2019;0.9995;10.011;0.9964;0.9994;10395203;USD
29/07/2019;0.9994;0.9996;0.9965;0.9985;6198476;USD
30/07/2019;0.9989;10.016;0.9987;10.013;6490981;USD
31/07/2019;10.013;10.033;10.001;10.015;7774000;USD
01/08/2019;10.015;10.027;1.0;1.002;4943721;USD
02/08/2019;10.022;10.026;0.9999;10.003;6480164;USD
03/08/2019;10.003;10.017;0.9996;10.011;4382034;USD
04/08/2019;10.011;10.029;10.006;10.026;5491309;USD
05/08/2019;10.026;1.003;0.9999;10.004;9816737;USD
06/08/2019;10.006;10.027;0.9988;0.9994;9479261;USD
07/08/2019;0.9994;10.016;0.9987;10.005;6999897;USD
08/08/2019;10.005;10.028;10.002;1.001;11612512;USD
09/08/2019;1.001;10.017;0.9996;10.008;13583213;USD
10/08/2019;10.008;10.016;0.9976;0.9987;7210211;USD
11/08/2019;0.9987;1.001;0.9986;1.0;2617163;USD
12/08/2019;1.001;10.014;0.9987;0.9995;2521410;USD
13/08/2019;0.9995;10.012;0.9979;0.9992;3724941;USD
14/08/2019;0.9992;10.012;0.998;10.007;6397628;USD
15/08/2019;10.017;10.023;0.9991;10.019;8963743;USD
16/08/2019;10.019;10.033;1.001;10.023;7155032;USD
17/08/2019;10.028;10.039;10.019;10.031;2724027;USD
18/08/2019;10.031;10.046;10.018;10.026;1910681;USD
19/08/2019;10.026;10.033;10.014;10.016;5190283;USD
20/08/2019;10.016;10.023;10.009;10.015;3682159;USD
21/08/2019;10.015;10.022;0.9992;10.007;6814589;USD
22/08/2019;10.007;10.029;10.007;1.002;3444649;USD
23/08/2019;10.046;10.054;10.022;10.024;5632272;USD
24/08/2019;10.024;1.004;10.018;10.031;2968912;USD
25/08/2019;10.031;10.066;10.017;1.002;3759474;USD
26/08/2019;1.002;10.044;10.004;10.008;6963089;USD
27/08/2019;10.008;10.042;10.008;10.015;3226126;USD
28/08/2019;10.027;10.044;0.9989;10.016;8426093;USD
29/08/2019;10.016;10.044;10.016;10.022;6518532;USD
30/08/2019;10.022;10.094;10.022;10.038;3885661;USD
31/08/2019;10.038;10.084;10.028;10.035;3808231;USD
01/09/2019;10.035;10.116;10.035;10.039;5124801;USD
02/09/2019;10.039;10.066;10.022;10.032;6946832;USD
03/09/2019;10.032;10.045;10.008;10.023;4832371;USD
04/09/2019;10.023;10.054;10.019;10.028;4350115;USD
05/09/2019;10.028;10.047;10.024;10.027;3022572;USD
06/09/2019;10.027;1.004;10.015;10.024;7818073;USD
07/09/2019;10.024;10.052;10.021;10.048;2632502;USD
08/09/2019;10.052;10.057;10.037;10.043;2338104;USD
09/09/2019;10.043;10.069;10.026;10.027;4203596;USD
10/09/2019;10.032;10.044;10.024;1.003;2976745;USD
11/09/2019;10.031;10.114;10.009;10.034;2475977;USD
12/09/2019;10.034;10.078;10.024;1.003;3944704;USD
13/09/2019;1.003;1.005;10.021;10.032;5148937;USD
14/09/2019;10.051;10.064;10.041;10.044;2285654;USD
15/09/2019;10.055;10.056;10.039;10.044;1776184;USD
16/09/2019;10.044;10.062;10.019;1.003;7398910;USD
17/09/2019;1.003;10.046;10.023;10.028;4336901;USD
18/09/2019;10.028;10.047;10.015;1.002;3524831;USD
19/09/2019;1.002;1.005;1.002;10.041;8170714;USD
20/09/2019;10.041;10.054;10.024;10.027;4208268;USD
21/09/2019;10.026;10.047;10.026;10.033;4383979;USD
22/09/2019;10.037;10.045;10.029;10.035;3266770;USD
23/09/2019;10.035;10.044;10.013;10.017;5312952;USD
24/09/2019;10.031;10.182;0.9991;10.039;35203200;USD
25/09/2019;10.039;10.061;1.003;10.044;8918239;USD
26/09/2019;10.044;10.065;10.031;10.047;6905032;USD
27/09/2019;10.048;10.063;10.039;10.042;9044371;USD
28/09/2019;10.042;10.061;10.028;10.041;7641650;USD
29/09/2019;10.043;10.057;10.037;10.055;4887663;USD
30/09/2019;10.055;1.007;10.052;10.058;9809548;USD
01/10/2019;10.058;10.068;10.053;10.055;5696162;USD
02/10/2019;10.055;10.099;10.055;10.066;4685440;USD
03/10/2019;10.067;10.081;10.049;10.062;3435197;USD
04/10/2019;10.085;10.097;10.057;1.006;3403633;USD
05/10/2019;1.006;10.091;1.006;10.075;2259201;USD
06/10/2019;10.075;10.108;10.061;10.065;3490699;USD
07/10/2019;10.065;10.101;10.045;10.047;6201784;USD
08/10/2019;10.048;10.061;10.036;10.039;4975769;USD
09/10/2019;10.049;10.055;10.021;1.003;10015769;USD
10/10/2019;10.037;10.042;10.029;10.038;5474018;USD
11/10/2019;10.038;10.055;10.022;10.029;6839983;USD
12/10/2019;1.003;10.069;1.003;10.059;1816467;USD
13/10/2019;10.099;10.102;10.035;10.037;3001629;USD
14/10/2019;10.091;10.095;10.026;10.031;3200684;USD
15/10/2019;10.031;10.072;10.031;10.045;3595189;USD
16/10/2019;10.067;10.068;10.028;10.033;4483340;USD
17/10/2019;1.005;10.058;10.038;10.041;3427747;USD
18/10/2019;10.079;10.087;10.053;10.058;4573440;USD
19/10/2019;10.058;10.085;10.058;10.061;3935668;USD
20/10/2019;10.061;10.106;10.061;10.097;1839566;USD
21/10/2019;10.097;10.114;10.054;10.058;3787717;USD
22/10/2019;10.058;10.086;10.043;10.047;4084930;USD
23/10/2019;10.047;10.082;10.045;10.055;9202780;USD
24/10/2019;10.068;10.073;1.005;10.066;4829694;USD
25/10/2019;10.085;1.011;1.004;10.043;9871291;USD
26/10/2019;10.043;10.067;10.018;10.042;15520456;USD
27/10/2019;10.042;10.049;10.024;1.003;5465584;USD
28/10/2019;1.003;10.048;10.024;10.025;7382359;USD
29/10/2019;10.025;10.038;10.015;10.035;4282794;USD
30/10/2019;10.035;10.042;10.023;10.035;6926671;USD
31/10/2019;10.035;10.044;10.032;10.034;7330617;USD
01/11/2019;10.034;10.045;10.034;10.038;6534084;USD
02/11/2019;10.048;1.005;10.034;10.036;4243129;USD
03/11/2019;10.036;10.047;10.029;10.033;2669767;USD
04/11/2019;10.032;10.043;10.026;10.035;7239332;USD
05/11/2019;10.047;1.005;10.016;10.022;4612156;USD
06/11/2019;10.022;1.005;10.011;10.016;3571583;USD
07/11/2019;10.016;10.028;10.002;10.007;5636995;USD
08/11/2019;10.013;1.002;0.9994;10.005;9003856;USD
09/11/2019;10.005;1.003;10.005;10.028;3058989;USD
10/11/2019;10.039;1.005;10.033;10.039;3510729;USD
11/11/2019;10.039;10.048;10.022;10.027;3114907;USD
12/11/2019;10.027;10.041;10.012;10.018;4027076;USD
13/11/2019;10.018;10.045;10.013;10.017;4199825;USD
14/11/2019;1.006;1.006;10.007;10.014;4761341;USD
15/11/2019;10.014;10.042;10.014;10.028;4731938;USD
16/11/2019;10.049;10.052;10.036;1.004;3883512;USD
17/11/2019;1.004;1.007;1.004;10.058;3079176;USD
18/11/2019;10.058;10.071;10.017;10.022;5722138;USD
19/11/2019;10.023;10.076;10.023;10.047;3765553;USD
20/11/2019;10.078;10.084;10.028;1.003;3917846;USD
21/11/2019;1.003;10.079;1.003;10.041;8370914;USD
22/11/2019;10.041;10.073;10.041;10.062;13091789;USD
23/11/2019;10.062;10.078;10.062;10.068;7361027;USD
24/11/2019;10.084;10.111;1.008;1.009;7999875;USD
25/11/2019;1.009;10.154;10.063;10.067;16340528;USD
26/11/2019;10.067;10.083;10.049;10.059;5902388;USD
27/11/2019;10.059;10.086;10.046;10.047;6571548;USD
28/11/2019;10.047;10.072;10.047;10.058;5128487;USD
29/11/2019;10.057;10.091;10.057;10.066;5549532;USD
30/11/2019;10.066;10.112;10.066;10.088;1798837;USD
01/12/2019;10.089;10.134;10.073;10.079;3390656;USD
02/12/2019;10.097;10.111;10.078;10.084;2682063;USD
03/12/2019;10.082;10.118;1.006;10.066;3675560;USD
04/12/2019;10.066;10.136;10.052;10.054;9080018;USD
05/12/2019;10.054;10.072;10.042;10.048;4269373;USD
06/12/2019;10.048;10.102;10.044;10.052;6979142;USD
07/12/2019;10.052;10.108;10.052;10.093;1847484;USD
08/12/2019;10.115;10.122;1.007;10.076;3245144;USD
09/12/2019;10.079;10.091;10.043;10.044;4973752;USD
10/12/2019;10.044;10.088;10.029;10.032;5034817;USD
11/12/2019;10.031;10.092;10.022;10.023;6080706;USD
12/12/2019;10.023;10.074;10.023;10.031;6331386;USD
13/12/2019;10.031;10.096;10.031;10.053;4139643;USD
14/12/2019;10.067;10.122;10.058;10.081;2013510;USD
15/12/2019;10.081;10.139;10.076;1.008;2297412;USD
16/12/2019;1.008;10.109;10.032;10.039;12314567;USD
17/12/2019;10.038;10.065;10.038;10.054;13462942;USD
18/12/2019;10.068;10.069;10.049;10.055;7356354;USD
19/12/2019;10.053;10.082;10.046;10.055;5073404;USD
20/12/2019;10.054;10.113;10.046;1.005;3685522;USD
21/12/2019;1.005;10.125;1.005;10.066;3092103;USD
22/12/2019;10.114;10.198;10.088;10.095;1755933;USD
23/12/2019;10.095;10.128;10.031;10.034;4247679;USD
24/12/2019;10.034;10.065;10.031;10.041;3881006;USD
25/12/2019;10.041;10.084;10.032;10.036;3028102;USD
26/12/2019;10.057;1.006;10.027;10.034;4721038;USD
27/12/2019;10.052;10.055;10.008;1.002;5030317;USD
28/12/2019;10.021;10.051;10.021;10.041;3994915;USD
29/12/2019;10.041;10.099;10.041;10.062;2049314;USD
30/12/2019;10.135;10.139;10.016;10.021;3943771;USD
31/12/2019;10.079;10.079;10.043;10.048;2002101;USD
01/01/2020;10.095;10.127;10.078;10.121;1077837;USD
02/01/2020;10.163;10.167;10.051;10.053;2786392;USD
03/01/2020;10.053;10.103;10.035;10.039;6229774;USD
04/01/2020;10.064;10.093;10.049;1.005;2740402;USD
05/01/2020;1.005;10.083;10.031;10.032;4609615;USD
06/01/2020;10.041;10.054;1.003;10.041;3811531;USD
07/01/2020;10.054;10.057;10.013;10.016;7003370;USD
08/01/2020;10.016;10.029;10.011;10.013;7144741;USD
09/01/2020;10.013;10.033;10.013;10.024;4331695;USD
10/01/2020;10.049;10.065;10.013;10.014;6904219;USD
11/01/2020;10.015;10.021;10.008;1.001;8180161;USD
12/01/2020;10.011;10.015;10.004;10.004;9323257;USD
13/01/2020;10.005;10.033;10.005;10.026;3466526;USD
14/01/2020;10.026;10.043;0.9972;0.9974;24880366;USD
15/01/2020;0.9969;10.005;0.9959;0.9992;10065325;USD
16/01/2020;0.9992;10.016;0.9989;10.004;4966952;USD
17/01/2020;10.022;10.033;0.9982;0.9982;10181627;USD
18/01/2020;0.9984;10.004;0.9979;0.9999;4798879;USD
19/01/2020;0.9999;10.015;0.9976;10.005;6244557;USD
20/01/2020;10.005;10.021;0.9999;10.008;3760234;USD
21/01/2020;10.008;10.026;10.005;1.001;3509512;USD
22/01/2020;10.029;1.003;10.004;10.009;2835976;USD
23/01/2020;10.032;10.036;0.9991;0.9997;4266900;USD
24/01/2020;0.9997;10.023;0.9997;10.011;4709620;USD
25/01/2020;10.011;10.038;10.011;10.026;2532279;USD
26/01/2020;10.026;10.061;10.016;10.021;3461337;USD
27/01/2020;10.021;10.044;0.9988;0.9994;6471578;USD
28/01/2020;10.022;10.026;10.002;10.017;5793634;USD
29/01/2020;10.017;10.034;0.9991;1.0;4414486;USD
30/01/2020;1.0;10.024;0.9986;0.9991;7045008;USD
31/01/2020;0.9991;1.001;0.9991;0.9999;4574982;USD
01/02/2020;0.9999;10.028;0.9999;10.014;3161104;USD
02/02/2020;10.014;10.027;10.001;10.007;3144575;USD
03/02/2020;10.007;10.025;0.9994;10.004;6480269;USD
04/02/2020;10.004;10.018;0.999;0.999;6062952;USD
05/02/2020;0.999;10.016;0.999;0.9997;8012707;USD
06/02/2020;0.9997;10.013;0.9981;0.9985;9167434;USD
07/02/2020;0.9985;0.9998;0.9975;0.9981;10693814;USD
08/02/2020;0.9981;10.012;0.9974;0.9997;7441877;USD
09/02/2020;0.9997;10.004;0.9986;0.9995;7054991;USD
10/02/2020;0.9992;10.001;0.9987;0.9998;10486646;USD
11/02/2020;0.9998;10.034;0.9993;10.029;10879061;USD
12/02/2020;10.029;10.029;0.9999;1.001;11373608;USD
13/02/2020;1.001;10.012;0.9988;0.9992;11713360;USD
14/02/2020;0.9992;10.002;0.9982;1.0;11381810;USD
15/02/2020;1.0;1.001;0.9984;10.002;10811380;USD
16/02/2020;10.002;10.022;0.999;10.011;10489744;USD
17/02/2020;10.013;10.033;10.007;10.009;13228219;USD
18/02/2020;10.009;10.032;10.002;10.021;8611940;USD
19/02/2020;10.021;10.031;0.9998;10.004;11250726;USD
20/02/2020;10.004;10.026;10.002;10.017;7727923;USD
21/02/2020;10.017;10.037;10.015;10.024;5242801;USD
22/02/2020;10.028;10.048;10.019;10.044;2591930;USD
23/02/2020;10.045;10.057;10.031;10.037;4593276;USD
24/02/2020;10.037;10.042;10.008;10.011;7052854;USD
25/02/2020;10.012;10.039;10.012;1.002;5529918;USD
26/02/2020;1.002;10.043;10.014;10.027;9467036;USD
27/02/2020;10.027;10.053;10.017;10.021;7776388;USD
28/02/2020;1.002;10.055;1.002;10.037;7465403;USD
29/02/2020;10.037;10.055;10.037;10.045;3705338;USD
01/03/2020;10.064;10.069;10.037;10.043;3897268;USD
02/03/2020;10.064;10.065;10.023;10.026;7751604;USD
03/03/2020;10.049;10.058;10.038;10.044;5469611;USD
04/03/2020;10.044;10.059;10.029;10.035;7471775;USD
05/03/2020;10.035;10.055;10.031;10.037;5566825;USD
06/03/2020;10.062;10.065;10.043;10.048;4050310;USD
07/03/2020;10.074;1.008;10.045;10.047;3560832;USD
08/03/2020;10.047;10.074;10.029;1.005;10643832;USD
09/03/2020;10.074;1.008;10.034;10.038;15019189;USD
10/03/2020;10.038;10.054;10.033;10.037;8992257;USD
11/03/2020;10.037;10.064;10.037;10.046;7341695;USD
12/03/2020;10.046;10.327;10.008;10.148;58213892;USD
13/03/2020;10.131;10.667;10.041;10.082;73368392;USD
14/03/2020;10.083;10.097;10.044;10.084;14010551;USD
15/03/2020;10.084;1.021;10.023;10.025;29686420;USD
16/03/2020;10.023;10.073;10.023;10.059;17872076;USD
17/03/2020;10.059;10.265;10.059;10.069;11474513;USD
18/03/2020;10.069;10.094;10.057;10.059;8773555;USD
19/03/2020;10.061;10.111;10.034;10.035;18844260;USD
20/03/2020;10.035;10.047;10.012;10.017;19054328;USD
21/03/2020;10.017;10.039;10.017;10.032;6387824;USD
22/03/2020;10.032;10.054;10.027;10.035;8501537;USD
23/03/2020;10.035;10.062;10.033;10.051;11476249;USD
24/03/2020;10.051;10.065;10.036;10.043;9041661;USD
25/03/2020;10.043;10.077;10.029;10.032;10252130;USD
26/03/2020;10.032;1.005;10.032;10.049;6111926;USD
27/03/2020;10.049;10.062;10.031;10.037;6953473;USD
28/03/2020;10.037;10.061;10.028;10.034;8347184;USD
29/03/2020;10.034;10.059;10.032;10.036;5919368;USD
30/03/2020;10.061;10.066;10.038;1.004;7341514;USD
31/03/2020;1.004;10.065;10.033;10.035;7541150;USD
01/04/2020;10.036;10.059;10.032;10.042;10427650;USD
02/04/2020;10.042;10.057;10.021;10.025;10453995;USD
03/04/2020;10.021;1.004;10.021;10.025;5943868;USD
04/04/2020;10.048;1.005;10.031;1.004;3310430;USD
05/04/2020;10.059;10.061;10.026;10.029;4187220;USD
06/04/2020;10.029;1.006;10.016;10.021;10757688;USD
07/04/2020;10.021;10.033;1.001;10.012;10056987;USD
08/04/2020;10.012;10.028;10.012;10.019;8109271;USD
09/04/2020;10.019;10.031;10.016;10.018;8570344;USD
10/04/2020;10.018;1.004;10.018;10.022;15885816;USD
11/04/2020;10.027;10.038;10.023;10.027;4375396;USD
12/04/2020;10.027;10.045;10.022;10.023;8094079;USD
13/04/2020;10.023;10.044;10.022;10.027;9076841;USD
14/04/2020;10.031;10.044;10.019;10.023;7240339;USD
15/04/2020;10.023;10.056;10.023;10.027;6349745;USD
16/04/2020;10.026;10.063;10.021;10.026;11266383;USD
17/04/2020;10.026;1.004;10.017;10.025;5205172;USD
18/04/2020;10.025;10.054;1.002;1.002;5814667;USD
19/04/2020;1.002;10.044;1.002;10.025;5519161;USD
20/04/2020;10.025;10.049;10.013;10.019;11798777;USD
21/04/2020;10.019;10.037;10.019;10.025;7037149;USD
22/04/2020;10.025;10.056;10.018;10.021;6825702;USD
23/04/2020;10.021;10.037;10.012;10.012;9330140;USD
24/04/2020;10.018;10.025;10.005;10.016;9577138;USD
25/04/2020;10.016;10.018;10.006;10.011;8780837;USD
26/04/2020;10.011;10.016;10.006;1.001;6590975;USD
27/04/2020;1.001;10.016;10.009;10.014;9292430;USD
28/04/2020;10.014;10.016;10.009;10.015;10279544;USD
29/04/2020;10.015;1.002;10.007;10.008;21519724;USD
30/04/2020;10.008;10.013;0.9986;10.007;24991192;USD
01/05/2020;10.007;10.014;0.9997;10.006;8884925;USD
02/05/2020;10.006;10.014;10.004;1.001;6407649;USD
03/05/2020;10.007;1.001;0.9999;10.006;9159814;USD
04/05/2020;10.007;10.013;10.002;10.006;17154200;USD
05/05/2020;10.007;10.011;1.0;10.007;7950642;USD
06/05/2020;10.007;10.013;1.0;1.001;9215618;USD
07/05/2020;10.006;10.015;10.003;10.011;14406748;USD
08/05/2020;10.011;10.014;10.001;10.007;14972009;USD
09/05/2020;10.007;10.007;0.9999;10.002;14784409;USD
10/05/2020;10.003;10.024;1.0;10.006;24409920;USD
11/05/2020;10.005;10.013;10.002;10.006;20122966;USD
12/05/2020;10.004;10.009;10.002;10.007;12366412;USD
13/05/2020;10.007;10.012;10.003;1.001;14288699;USD
14/05/2020;1.001;1.001;0.9998;10.003;15402142;USD
15/05/2020;10.003;10.007;0.9988;1.0;3799659;USD
16/05/2020;1.0;10.004;0.9996;0.9999;5660066;USD
17/05/2020;0.9999;10.004;0.9996;0.9998;7448424;USD
18/05/2020;0.9998;1.0;0.9993;0.9997;11666777;USD
19/05/2020;0.9997;10.005;0.9994;10.002;24171076;USD
20/05/2020;10.002;10.004;0.9993;0.9999;15479304;USD
21/05/2020;0.9999;10.002;0.9992;0.9997;15677546;USD
22/05/2020;0.9997;10.005;0.9995;10.002;12780171;USD
23/05/2020;10.003;10.006;1.0;10.003;5940446;USD
24/05/2020;10.003;10.009;0.9995;0.9998;8184943;USD
25/05/2020;0.9998;1.001;0.9998;10.003;8205556;USD
26/05/2020;10.003;10.015;10.003;10.005;6050049;USD
27/05/2020;10.005;10.019;0.9999;10.002;10554927;USD
28/05/2020;10.002;10.011;0.9998;1.0;10451346;USD
29/05/2020;1.0;10.002;0.9992;0.9997;9073735;USD
30/05/2020;1.0;10.003;0.9993;0.9998;13329878;USD
31/05/2020;0.9995;10.001;0.9992;0.9993;11565657;USD
01/06/2020;0.9993;10.028;0.9989;10.017;13968740;USD
02/06/2020;10.017;10.024;0.9992;10.001;25422336;USD
03/06/2020;10.001;10.011;0.9996;1.0;11015189;USD
04/06/2020;10.003;10.004;0.9997;1.0;6464298;USD
05/06/2020;1.0;10.004;0.9994;0.9997;7437396;USD
06/06/2020;0.9997;10.003;0.9996;0.9999;4447160;USD
07/06/2020;0.9999;10.004;0.9996;10.001;10160025;USD
08/06/2020;10.001;10.005;0.9998;10.004;7891929;USD
09/06/2020;10.004;10.007;0.9994;10.005;8901047;USD
10/06/2020;10.004;10.009;0.9999;10.007;9439099;USD
11/06/2020;10.007;10.012;0.9983;0.9992;14303733;USD
12/06/2020;0.9992;10.002;0.9992;0.9997;7713359;USD
13/06/2020;0.9997;10.003;0.9997;10.001;3197423;USD
14/06/2020;10.001;10.004;0.9996;0.9998;3774666;USD
15/06/2020;0.9998;10.008;0.9994;10.005;10742090;USD
16/06/2020;10.005;10.014;0.9999;10.003;8310569;USD
17/06/2020;10.003;10.009;0.9996;1.0;10895295;USD
18/06/2020;1.0;10.009;0.9994;0.9996;7757810;USD
19/06/2020;0.9996;10.008;0.9992;0.9995;11877180;USD
20/06/2020;0.9995;10.008;0.9995;10.007;7135429;USD
21/06/2020;10.013;10.013;0.9998;0.9999;5058317;USD
22/06/2020;0.9999;10.009;0.9999;10.006;14119767;USD
23/06/2020;10.006;10.012;10.002;10.008;16556750;USD
24/06/2020;10.008;10.015;0.9996;0.9999;11465165;USD
25/06/2020;0.9999;10.007;0.9996;10.001;13954146;USD
26/06/2020;10.001;10.012;0.9995;10.001;6430771;USD
27/06/2020;10.001;1.001;0.9995;0.9997;9084499;USD
28/06/2020;0.9997;10.008;0.9997;10.001;4704073;USD
29/06/2020;10.001;1.001;0.9994;0.9999;13612942;USD
30/06/2020;0.9999;10.006;0.9999;10.003;12576016;USD
01/07/2020;10.003;10.009;10.002;10.005;13141121;USD
02/07/2020;10.005;10.007;0.9998;10.004;13586493;USD
03/07/2020;10.004;10.007;10.002;10.005;9652244;USD
04/07/2020;10.005;10.016;10.005;1.001;4395642;USD
05/07/2020;1.001;10.017;10.009;10.011;6363388;USD
06/07/2020;10.011;10.016;10.005;10.009;20741666;USD
07/07/2020;10.011;10.013;10.006;10.008;14164460;USD
08/07/2020;10.008;10.017;10.008;10.012;28324200;USD
09/07/2020;10.011;10.018;10.004;10.012;11582739;USD
10/07/2020;10.012;10.016;10.003;10.008;15007856;USD
11/07/2020;10.008;10.016;10.006;10.011;4709155;USD
12/07/2020;10.011;10.016;10.007;10.011;9683627;USD
13/07/2020;10.011;10.016;10.002;10.003;16753202;USD
14/07/2020;10.003;10.011;10.001;10.003;10801079;USD
15/07/2020;10.003;10.012;0.9998;0.9999;11917400;USD
16/07/2020;0.9999;10.009;0.9997;10.005;16558283;USD
17/07/2020;10.004;10.014;1.0;10.007;14503972;USD
18/07/2020;10.007;10.015;10.007;10.011;6668501;USD
19/07/2020;10.015;10.018;10.009;10.017;11017672;USD
20/07/2020;10.017;10.022;10.009;1.001;14334593;USD
21/07/2020;1.001;10.025;1.001;10.017;49039416;USD
22/07/2020;10.017;10.025;10.011;10.022;19962364;USD
23/07/2020;10.022;10.027;1.001;10.011;24484298;USD
24/07/2020;10.011;10.021;10.011;10.019;25396200;USD
25/07/2020;10.019;10.024;1.001;10.012;16093556;USD
26/07/2020;10.012;10.026;10.011;10.013;25392316;USD
27/07/2020;10.013;10.026;10.007;10.016;39212972;USD
28/07/2020;10.014;10.025;10.011;10.019;34715248;USD
29/07/2020;10.019;10.031;1.001;10.014;29638256;USD
30/07/2020;10.016;10.021;10.011;10.018;25566074;USD
31/07/2020;10.018;10.023;10.005;10.013;22898674;USD
01/08/2020;10.013;10.014;0.9993;10.005;40589516;USD
02/08/2020;10.004;10.017;0.9985;0.9996;44546068;USD
03/08/2020;0.9996;10.005;0.999;10.003;21995688;USD
04/08/2020;10.003;10.004;0.9992;0.9999;25554452;USD
05/08/2020;0.9999;10.011;0.9993;10.005;22065824;USD
06/08/2020;10.005;10.009;0.9998;10.002;21912794;USD
07/08/2020;10.002;10.002;0.9989;0.9998;26201816;USD
08/08/2020;0.9998;10.009;0.9991;10.001;17668324;USD
09/08/2020;10.001;10.007;0.9998;10.001;18112652;USD
10/08/2020;10.001;10.018;0.9996;10.007;30545352;USD
11/08/2020;10.007;10.012;0.9993;0.9995;30791440;USD
12/08/2020;0.9995;10.015;0.9991;1.001;28302020;USD
13/08/2020;1.001;1.002;0.9993;10.016;32931224;USD
14/08/2020;10.016;10.025;10.003;10.007;29476356;USD
15/08/2020;10.007;10.018;10.002;10.012;27963360;USD
16/08/2020;10.012;10.021;10.003;10.008;23995604;USD
17/08/2020;10.008;10.031;10.003;10.017;41651048;USD
18/08/2020;10.017;10.022;10.005;10.011;30055394;USD
19/08/2020;10.011;10.019;10.005;10.013;32431024;USD
20/08/2020;10.021;10.023;10.006;10.014;29932168;USD
21/08/2020;10.014;10.024;10.001;10.001;41407524;USD
22/08/2020;10.001;10.011;1.0;10.008;22987392;USD
23/08/2020;10.008;10.017;10.003;10.009;15804437;USD
24/08/2020;10.009;10.017;10.004;10.008;20897612;USD
25/08/2020;10.008;10.013;10.002;10.008;36585572;USD
26/08/2020;10.008;10.015;10.004;10.012;65807460;USD
27/08/2020;10.012;10.018;10.007;10.009;38200312;USD
28/08/2020;10.014;10.019;10.009;10.011;27172620;USD
29/08/2020;10.011;10.021;10.009;10.011;16501871;USD
30/08/2020;10.011;10.026;10.009;10.012;22008496;USD
31/08/2020;10.012;10.026;10.007;10.009;30445712;USD
01/09/2020;10.009;10.022;10.008;10.009;37301600;USD
02/09/2020;10.014;10.022;10.007;10.011;45921872;USD
03/09/2020;10.013;10.023;10.006;10.019;55232560;USD
04/09/2020;10.019;10.024;10.006;10.019;42440964;USD
05/09/2020;10.026;1.003;10.016;10.019;45199092;USD
06/09/2020;10.019;1.003;10.009;10.013;23120056;USD
07/09/2020;10.013;10.025;1.001;10.014;32732938;USD
08/09/2020;10.014;10.028;10.007;10.011;37684112;USD
09/09/2020;10.011;10.022;10.008;10.009;31236962;USD
10/09/2020;10.009;10.025;10.007;10.008;40748304;USD
11/09/2020;10.008;10.017;10.006;1.001;27545800;USD
12/09/2020;1.001;10.016;10.007;1.001;18046614;USD
13/09/2020;10.013;1.002;10.003;10.003;26507020;USD
14/09/2020;10.004;10.021;10.004;10.008;33255850;USD
15/09/2020;10.008;10.019;10.003;10.006;31909432;USD
16/09/2020;10.011;10.021;10.004;10.013;40722464;USD
17/09/2020;10.013;10.023;10.008;10.011;26312356;USD
18/09/2020;10.018;10.023;10.005;10.007;34346720;USD
19/09/2020;10.016;1.002;1.001;10.012;19170750;USD
20/09/2020;10.012;10.023;1.001;1.001;19634752;USD
21/09/2020;10.015;10.025;10.006;1.001;44459712;USD
22/09/2020;10.009;10.022;10.006;10.009;31097764;USD
23/09/2020;10.018;10.021;10.002;10.006;32207010;USD
24/09/2020;10.005;10.022;10.005;1.001;30438856;USD
25/09/2020;10.016;10.021;10.008;10.016;36029652;USD
26/09/2020;10.016;10.027;10.015;10.017;20596264;USD
27/09/2020;10.019;10.027;10.012;10.023;21968420;USD
28/09/2020;10.023;1.003;10.009;10.011;35126776;USD
29/09/2020;10.016;1.002;10.006;1.001;33504746;USD
30/09/2020;10.016;10.019;10.004;10.009;26140008;USD
01/10/2020;10.015;10.021;10.003;1.001;40154212;USD
02/10/2020;10.009;10.022;10.004;10.012;40439784;USD
03/10/2020;10.011;10.021;1.001;10.013;15061176;USD
04/10/2020;10.013;10.023;10.013;10.015;18856808;USD
05/10/2020;10.015;10.022;10.005;10.011;39937080;USD
06/10/2020;10.011;10.022;10.005;10.006;40305324;USD
07/10/2020;10.006;10.015;1.0;10.008;41272872;USD
08/10/2020;10.016;10.019;10.008;10.015;39681088;USD
09/10/2020;10.014;10.021;10.011;10.014;35973072;USD
10/10/2020;10.014;10.022;10.009;10.011;25663970;USD
11/10/2020;10.011;10.017;10.005;1.001;21486280;USD
12/10/2020;10.012;10.016;10.007;10.015;35496608;USD
13/10/2020;10.016;10.021;10.009;10.012;35978480;USD
14/10/2020;10.012;10.018;10.009;10.013;38133424;USD
15/10/2020;10.012;10.019;10.007;10.009;36176264;USD
16/10/2020;1.001;10.016;10.006;1.001;28859420;USD
17/10/2020;10.009;10.016;10.007;10.009;11147989;USD
18/10/2020;10.009;10.014;10.007;1.001;11393150;USD
19/10/2020;1.001;10.015;10.004;10.008;35719772;USD
20/10/2020;10.008;10.014;10.005;10.011;37021440;USD
21/10/2020;10.011;10.022;10.006;10.019;47195912;USD
22/10/2020;10.019;10.021;10.008;1.001;39172176;USD
23/10/2020;10.011;10.015;10.004;10.007;29151136;USD
24/10/2020;10.007;10.014;10.004;10.009;15481691;USD
25/10/2020;10.009;10.014;10.006;10.006;18620820;USD
26/10/2020;10.005;10.013;10.003;10.009;30642180;USD
27/10/2020;10.009;1.001;10.002;10.003;37582144;USD
28/10/2020;1.0;10.006;0.9999;10.003;34555264;USD
29/10/2020;1.0;10.007;0.9999;10.002;33514554;USD
30/10/2020;10.002;1.001;0.9999;10.008;39391088;USD
31/10/2020;10.008;10.009;0.9998;10.001;28611280;USD
01/11/2020;10.001;10.005;0.9998;10.002;15037329;USD
02/11/2020;0.9999;10.007;0.9999;10.005;36691424;USD
03/11/2020;10.005;10.009;0.9997;10.006;42244376;USD
04/11/2020;10.006;10.012;0.9998;1.001;41718128;USD
05/11/2020;1.001;1.001;10.002;10.002;72671456;USD
06/11/2020;10.002;10.004;0.998;1.0;85315288;USD
07/11/2020;1.0;10.024;0.9991;10.016;67860464;USD
08/11/2020;10.016;10.022;10.003;1.001;33241624;USD
09/11/2020;1.001;10.018;10.003;10.004;49139224;USD
10/11/2020;10.004;10.014;10.002;10.012;49900100;USD
11/11/2020;10.012;10.019;10.007;10.011;51119000;USD
12/11/2020;10.011;10.016;10.002;10.003;58758292;USD
13/11/2020;10.004;1.001;0.9998;10.002;60201380;USD
14/11/2020;0.9996;10.002;0.9984;10.002;43815192;USD
15/11/2020;10.002;10.009;0.9996;10.006;31079478;USD
16/11/2020;10.007;1.001;10.001;10.004;53792608;USD
17/11/2020;10.004;10.008;0.9995;10.007;70774752;USD
18/11/2020;10.007;10.333;0.9994;10.002;102794848;USD
19/11/2020;0.9998;10.009;0.9994;10.006;65320532;USD
20/11/2020;10.006;1.001;0.9999;10.003;84333224;USD
21/11/2020;1.0;10.002;0.9983;0.9984;93842672;USD
22/11/2020;0.9984;10.006;0.9972;0.9989;102719992;USD
23/11/2020;0.9989;10.006;0.9983;0.9999;113981296;USD
24/11/2020;0.9994;10.013;0.9989;0.9995;142311600;USD
25/11/2020;0.9995;10.013;0.9985;1.0;98699032;USD
26/11/2020;1.0;10.033;0.9996;10.025;148784384;USD
27/11/2020;10.025;10.036;1.001;10.014;84499400;USD
28/11/2020;1.002;10.025;10.009;1.001;48510620;USD
29/11/2020;1.001;10.019;10.005;10.009;33925000;USD
30/11/2020;10.009;10.016;0.9999;10.004;95911192;USD
01/12/2020;10.003;10.027;0.9994;10.016;112996696;USD
02/12/2020;10.016;10.028;10.003;10.005;102200488;USD
03/12/2020;10.005;10.016;10.004;10.008;99296776;USD
04/12/2020;10.008;10.015;0.9995;10.002;104135880;USD
05/12/2020;10.002;10.007;0.9997;10.006;39484924;USD
06/12/2020;10.006;10.014;10.001;10.013;38031848;USD
07/12/2020;10.013;10.017;10.001;10.005;64647920;USD
08/12/2020;10.005;10.012;0.9995;0.9997;101148288;USD
09/12/2020;0.9997;10.036;0.9997;10.004;152856912;USD
10/12/2020;10.004;10.013;0.9998;10.003;87190712;USD
11/12/2020;10.003;10.012;0.9999;10.006;101919528;USD
12/12/2020;10.005;10.016;10.003;10.005;41862060;USD
13/12/2020;10.005;10.008;0.9996;1.0;52534972;USD
14/12/2020;10.004;10.009;0.9997;1.0;52081004;USD
15/12/2020;0.9999;10.014;0.9999;1.001;86607968;USD
16/12/2020;10.016;10.022;0.9995;0.9997;150502672;USD
17/12/2020;0.9988;10.004;0.9961;0.9997;237318880;USD
18/12/2020;0.9997;10.009;0.9989;10.008;110608008;USD
19/12/2020;10.008;10.013;10.001;10.002;74222936;USD
20/12/2020;10.002;10.002;0.9991;0.9995;99645912;USD
21/12/2020;0.9995;10.003;0.9979;0.9998;165825872;USD
22/12/2020;0.9995;10.004;0.998;0.9995;129232712;USD
23/12/2020;0.9996;10.006;0.9989;0.9993;166756656;USD
24/12/2020;0.999;10.001;0.9987;1.0;100009720;USD
25/12/2020;10.002;10.011;0.9991;10.004;104913056;USD
26/12/2020;10.003;10.006;0.9982;0.9983;131119280;USD
27/12/2020;0.9983;0.9992;0.9954;0.9988;141094608;USD
28/12/2020;0.9988;0.9995;0.9963;0.9987;104904032;USD
29/12/2020;0.9986;0.9995;0.9981;0.9985;118831152;USD
30/12/2020;0.9976;10.004;0.9975;10.003;112946304;USD
31/12/2020;10.003;10.007;0.9987;10.005;130035480;USD
01/01/2021;10.004;1.002;0.9998;10.018;174731520;USD
02/01/2021;10.018;10.018;0.9992;10.003;183930048;USD
03/01/2021;0.9998;10.021;0.9982;1.0;193831552;USD
04/01/2021;10.001;10.025;0.9986;1.0;297274720;USD
05/01/2021;0.9997;10.027;0.9992;10.019;208063424;USD
06/01/2021;10.019;10.027;0.9969;10.012;289404512;USD
07/01/2021;10.004;10.017;0.9986;0.9999;246009520;USD
08/01/2021;0.9999;10.012;0.9976;0.9996;250268480;USD
09/01/2021;0.9995;1.003;0.9984;10.027;202644320;USD
10/01/2021;10.028;10.028;0.9991;10.004;249199152;USD
11/01/2021;10.004;10.036;0.9993;10.004;351954048;USD
12/01/2021;10.004;10.024;0.9987;10.011;235781264;USD
13/01/2021;10.018;1.003;0.9996;0.9999;174527936;USD
14/01/2021;0.9998;10.015;0.9986;0.999;187852944;USD
15/01/2021;0.999;10.004;0.9979;0.9998;171775472;USD
16/01/2021;0.9998;10.022;0.9989;10.003;138841312;USD
17/01/2021;10.003;10.013;0.9988;10.008;119126672;USD
18/01/2021;10.008;10.016;1.0;10.011;109012272;USD
19/01/2021;1.001;10.041;10.002;10.004;180607456;USD
20/01/2021;10.004;1.001;0.9979;10.009;195178992;USD
21/01/2021;10.009;10.014;0.998;10.001;233498176;USD
22/01/2021;10.001;10.025;0.9982;10.015;256000512;USD
23/01/2021;10.015;10.029;10.003;10.004;99039248;USD
24/01/2021;10.004;10.042;1.0;10.015;133194792;USD
25/01/2021;10.015;10.026;0.9996;0.9999;154991424;USD
26/01/2021;0.9999;10.024;0.9997;10.011;197336512;USD
27/01/2021;10.011;10.026;0.9997;10.018;201353584;USD
28/01/2021;10.018;10.028;10.003;10.013;219877088;USD
29/01/2021;10.013;10.045;0.9992;10.005;356940608;USD
30/01/2021;10.005;10.016;0.9996;10.013;121270752;USD
31/01/2021;10.013;10.017;0.9998;10.009;112333712;USD
01/02/2021;10.009;10.015;0.9996;10.008;172745632;USD
02/02/2021;10.007;10.025;10.007;10.016;171028960;USD
03/02/2021;1.002;10.034;10.006;10.009;175447424;USD
04/02/2021;10.008;10.023;10.001;10.006;165610976;USD
05/02/2021;10.006;10.018;0.9997;1.0;195491168;USD
06/02/2021;0.9995;10.028;0.9992;1.001;145429472;USD
07/02/2021;10.009;10.018;1.0;10.011;172376384;USD
08/02/2021;10.012;10.038;0.9997;10.013;317113440;USD
09/02/2021;10.013;10.039;1.0;10.012;230861312;USD
10/02/2021;10.012;10.015;0.9994;10.007;223478864;USD
11/02/2021;10.007;10.015;0.9999;10.004;197718848;USD
12/02/2021;10.004;10.017;0.9999;10.016;236834112;USD
13/02/2021;10.016;10.024;0.9994;10.005;171108960;USD
14/02/2021;10.006;10.012;0.9997;10.008;137454288;USD
15/02/2021;10.007;10.008;0.9993;10.003;220953536;USD
16/02/2021;10.003;1.001;0.9991;10.005;174017248;USD
17/02/2021;10.005;10.019;0.9999;10.003;167386560;USD
18/02/2021;0.9997;1.001;0.9996;1.0;156026000;USD
19/02/2021;0.9998;10.012;0.9992;1.0;184680400;USD
20/02/2021;1.0;10.007;0.9991;0.9997;261857888;USD
21/02/2021;0.9993;1.001;0.9992;10.001;134003280;USD
22/02/2021;10.001;1.001;0.9987;1.0;357993024;USD
23/02/2021;0.9999;10.004;0.9957;0.9999;460013632;USD
24/02/2021;0.9999;10.016;0.9991;10.009;274336256;USD
25/02/2021;10.009;10.017;0.9999;10.003;208743040;USD
26/02/2021;10.003;10.014;0.9977;0.9998;366620256;USD
27/02/2021;0.9998;10.014;0.9992;10.013;159747680;USD
28/02/2021;10.013;10.029;10.011;10.024;187251392;USD
01/03/2021;10.024;1.003;10.003;10.003;213108720;USD
02/03/2021;10.002;10.013;0.9995;10.013;232914560;USD
03/03/2021;10.013;10.018;10.003;10.006;132837720;USD
04/03/2021;10.006;10.014;0.9997;10.002;197165792;USD
05/03/2021;10.002;10.019;10.002;10.011;177607552;USD
06/03/2021;10.011;10.019;0.9989;10.002;209365232;USD
07/03/2021;10.002;10.008;0.9998;10.004;105665464;USD
08/03/2021;10.004;1.001;0.9998;10.004;157449168;USD
09/03/2021;10.004;10.014;10.003;10.009;187095008;USD
10/03/2021;10.009;10.015;10.003;10.008;218402816;USD
11/03/2021;10.008;10.017;10.002;10.007;186565568;USD
12/03/2021;10.014;10.019;10.002;10.005;171114304;USD
13/03/2021;10.005;10.019;0.9994;0.9999;221954944;USD
14/03/2021;1.0;10.007;0.9994;0.9997;128642944;USD
15/03/2021;0.9998;10.015;0.9989;10.006;267009408;USD
16/03/2021;10.012;10.021;0.9989;1.0;253790896;USD
17/03/2021;10.001;10.008;0.9988;0.9994;299070080;USD
18/03/2021;0.9994;10.008;0.9984;0.9999;200280448;USD
19/03/2021;0.9998;10.005;0.9991;10.001;169846720;USD
20/03/2021;10.001;1.001;0.9996;0.9997;129422320;USD
21/03/2021;0.9997;10.002;0.9988;10.001;194140624;USD
22/03/2021;1.0;10.006;0.9993;10.004;243956592;USD
23/03/2021;10.004;10.006;0.9993;1.0;253319088;USD
24/03/2021;10.001;10.012;0.9994;10.002;235905136;USD
25/03/2021;10.004;10.006;0.9986;10.004;227318512;USD
26/03/2021;10.004;10.009;0.9998;10.001;186990992;USD
27/03/2021;10.001;10.007;0.9997;10.004;125607400;USD
28/03/2021;10.004;10.009;0.9997;0.9999;118910600;USD
29/03/2021;0.9998;10.014;0.9998;10.002;218759456;USD
30/03/2021;10.002;10.013;10.002;10.009;197433328;USD
31/03/2021;10.008;10.018;0.9999;10.002;269738880;USD
01/04/2021;10.003;10.003;0.9993;0.9998;233254320;USD
02/04/2021;0.9998;10.003;0.9995;0.9998;205504064;USD
03/04/2021;0.9996;10.006;0.9991;0.9996;126368928;USD
04/04/2021;0.9996;10.008;0.9992;10.003;95238448;USD
05/04/2021;10.004;10.007;0.9994;10.001;206843104;USD
06/04/2021;10.001;10.005;0.9952;10.001;287658272;USD
07/04/2021;10.001;10.003;0.9985;0.9999;351880608;USD
08/04/2021;1.0;10.007;0.9995;1.0;236085456;USD
09/04/2021;0.9999;10.008;0.9995;0.9998;210465248;USD
10/04/2021;0.9999;10.008;0.9997;10.001;227663040;USD
11/04/2021;10.002;10.006;0.9996;10.002;122843344;USD
12/04/2021;10.002;10.007;0.9995;1.0;324870784;USD
13/04/2021;1.0;10.006;0.9981;0.9997;319537824;USD
14/04/2021;0.9992;10.009;0.9992;0.9998;351032128;USD
15/04/2021;0.9993;10.016;0.9987;10.009;252159216;USD
16/04/2021;1.001;10.018;0.9998;10.008;525468576;USD
17/04/2021;1.0;10.007;0.999;10.001;250934256;USD
18/04/2021;0.9994;10.033;0.9975;10.011;586160896;USD
19/04/2021;10.004;10.014;1.0;10.007;416559936;USD
20/04/2021;10.007;10.019;1.0;10.008;390712736;USD
21/04/2021;10.004;10.007;0.9999;10.002;266370048;USD
22/04/2021;10.002;1.001;0.9995;10.004;386373984;USD
23/04/2021;10.004;10.016;0.9998;10.008;507062112;USD
24/04/2021;10.006;10.024;10.005;10.018;150261312;USD
25/04/2021;10.023;10.023;1.001;10.012;159110240;USD
26/04/2021;10.011;10.025;10.007;10.009;253525968;USD
27/04/2021;10.014;10.017;10.003;10.007;230731568;USD
28/04/2021;10.002;10.018;0.9997;10.007;216646560;USD
29/04/2021;10.007;10.011;10.001;10.003;236021968;USD
30/04/2021;10.003;10.009;0.9999;10.002;256573808;USD
01/05/2021;10.002;10.004;0.9985;10.002;202603296;USD
02/05/2021;10.003;10.005;0.9992;10.004;122667728;USD
03/05/2021;10.003;10.009;0.9995;10.002;267645712;USD
04/05/2021;10.004;10.007;10.001;10.006;382829088;USD
05/05/2021;10.006;1.001;0.9997;10.009;434878816;USD
06/05/2021;10.009;10.017;10.001;10.006;465708320;USD
07/05/2021;10.004;10.014;1.0;10.008;308849216;USD
08/05/2021;10.007;10.014;1.0;10.009;265969664;USD
09/05/2021;10.009;1.001;0.9993;10.008;324515008;USD
10/05/2021;10.008;10.029;10.002;10.008;490050112;USD
11/05/2021;10.007;10.013;0.9992;10.009;435144832;USD
12/05/2021;10.009;10.025;10.001;10.007;507654592;USD
13/05/2021;10.007;1.003;10.002;10.006;642520704;USD
14/05/2021;10.006;1.002;10.006;1.001;410359648;USD
15/05/2021;1.001;10.017;10.007;1.001;210535440;USD
16/05/2021;1.001;10.025;10.005;10.019;305277824;USD
17/05/2021;10.019;1.005;0.9987;1.0;791471232;USD
18/05/2021;1.0;10.015;0.9986;10.007;425312736;USD
19/05/2021;10.007;10.057;10.001;10.017;1073871488;USD
20/05/2021;10.017;10.026;10.009;10.019;672998144;USD
21/05/2021;10.019;10.027;10.011;10.022;558085376;USD
22/05/2021;10.023;10.045;10.008;10.021;286539328;USD
23/05/2021;10.021;10.045;10.014;10.017;552322368;USD
24/05/2021;10.017;10.028;10.008;10.009;435562528;USD
25/05/2021;1.001;1.002;10.005;10.011;332786688;USD
26/05/2021;10.011;10.018;10.011;10.014;309141408;USD
27/05/2021;10.014;10.018;10.006;10.007;279931232;USD
28/05/2021;10.007;1.001;0.9999;10.003;419554976;USD
29/05/2021;10.003;10.011;0.9995;1.0;246988416;USD
30/05/2021;1.0;10.001;0.998;0.9997;406426048;USD
31/05/2021;0.9992;10.006;0.9992;10.001;286913856;USD
01/06/2021;10.002;10.003;0.9998;0.9998;241083872;USD
02/06/2021;0.9998;10.004;0.9998;10.001;235135872;USD
03/06/2021;10.001;10.006;0.9999;10.001;217925728;USD
04/06/2021;10.001;10.008;0.9998;10.005;219878800;USD
05/06/2021;10.005;10.007;10.001;10.005;145882848;USD
06/06/2021;10.005;10.008;0.9999;1.0;123675200;USD
07/06/2021;1.0;10.005;0.9989;10.003;269989344;USD
08/06/2021;10.003;10.011;10.001;10.008;250493072;USD
09/06/2021;10.008;10.015;0.9996;10.001;439816640;USD
10/06/2021;1.0;10.005;0.9995;10.003;213458976;USD
11/06/2021;10.003;10.004;0.9999;1.0;160299328;USD
12/06/2021;1.0;10.008;1.0;10.003;136443888;USD
13/06/2021;10.003;10.007;0.9998;0.9999;143725280;USD
14/06/2021;0.9999;10.003;0.9994;10.001;281703104;USD
15/06/2021;10.002;10.002;0.9994;1.0;196444480;USD
16/06/2021;0.9999;10.001;0.9995;0.9998;185569424;USD
17/06/2021;0.9998;10.001;0.9996;1.0;134445888;USD
18/06/2021;1.0;10.008;1.0;10.006;225081600;USD
19/06/2021;10.006;10.017;10.006;10.013;177547296;USD
20/06/2021;10.013;10.019;10.009;1.001;265764384;USD
21/06/2021;10.015;1.003;10.005;10.017;473421632;USD
22/06/2021;10.017;10.035;10.011;10.012;687517504;USD
23/06/2021;10.012;10.021;10.002;10.005;312929632;USD
24/06/2021;10.005;1.001;0.9999;1.0;224728608;USD
25/06/2021;10.002;10.004;0.9978;0.9998;829329344;USD
26/06/2021;0.9998;10.018;0.9994;10.012;439950240;USD
27/06/2021;10.012;10.041;10.004;10.006;529301952;USD
28/06/2021;10.006;10.011;10.003;10.004;213352160;USD
29/06/2021;10.004;10.008;10.002;10.002;225807392;USD
30/06/2021;10.002;10.005;1.0;10.003;273013024;USD
01/07/2021;10.004;10.007;0.9998;10.002;152874784;USD
02/07/2021;10.002;10.004;1.0;10.003;133656560;USD
03/07/2021;10.003;10.007;10.003;10.003;54220936;USD
04/07/2021;10.003;10.003;0.9998;1.0;75978408;USD
05/07/2021;1.0;10.004;0.9998;10.003;145664288;USD
06/07/2021;10.003;10.006;0.9999;10.002;190219376;USD
07/07/2021;10.002;10.008;10.001;10.004;154459984;USD
08/07/2021;10.004;10.007;0.9987;0.9996;684518400;USD
09/07/2021;0.9996;0.9997;0.9991;0.9994;530928448;USD
10/07/2021;0.999;1.0;0.9987;0.9999;144807264;USD
11/07/2021;0.9999;10.001;0.9998;1.0;50204524;USD
12/07/2021;1.0;10.002;0.9995;0.9998;193524096;USD
13/07/2021;0.9998;10.004;0.9996;10.002;149381152;USD
14/07/2021;10.002;10.008;10.001;10.002;160646496;USD
15/07/2021;10.002;10.006;0.9999;10.002;191413504;USD
16/07/2021;10.002;1.001;10.002;10.006;146570928;USD
17/07/2021;10.006;10.015;1.0;10.007;236316176;USD
18/07/2021;10.007;1.001;0.9993;10.009;161476752;USD
19/07/2021;10.009;10.013;10.001;10.004;373162400;USD
20/07/2021;10.004;10.012;10.003;10.004;364359744;USD
21/07/2021;10.005;1.001;10.002;10.003;226399536;USD
22/07/2021;10.003;10.007;10.002;10.003;171651712;USD
23/07/2021;10.003;10.008;10.002;10.004;128113224;USD
24/07/2021;10.004;10.009;10.004;10.009;51185352;USD
25/07/2021;10.013;10.014;10.007;10.008;39170516;USD
26/07/2021;10.008;10.011;0.9999;10.004;361315712;USD
27/07/2021;10.004;10.009;10.002;10.004;225370096;USD
28/07/2021;10.004;10.007;10.001;10.003;162757168;USD
29/07/2021;10.003;10.004;10.002;10.002;86259136;USD
30/07/2021;10.002;10.007;10.002;10.004;128757912;USD
31/07/2021;10.004;10.004;1.0;10.002;119185456;USD
01/08/2021;0.9997;10.006;0.9996;10.006;241206400;USD
02/08/2021;10.006;10.009;10.002;10.003;350809344;USD
03/08/2021;10.003;10.009;10.002;10.003;254662816;USD
04/08/2021;10.005;10.005;0.9999;10.001;207911600;USD
05/08/2021;10.001;10.006;1.0;10.004;279759136;USD
06/08/2021;10.004;10.005;10.001;10.004;175297072;USD
07/08/2021;10.004;10.006;10.001;10.002;226304736;USD
08/08/2021;10.002;10.004;0.9995;10.001;408740128;USD
09/08/2021;10.001;10.004;0.9998;10.003;472105856;USD
10/08/2021;10.003;10.005;1.0;10.002;268392496;USD
11/08/2021;10.002;10.005;10.001;10.003;290368352;USD
12/08/2021;1.0;10.006;1.0;10.004;250591648;USD
13/08/2021;10.004;10.008;10.001;10.003;361100608;USD
14/08/2021;10.003;10.007;10.002;10.005;222918720;USD
15/08/2021;10.005;10.008;10.003;10.007;203754720;USD
16/08/2021;10.007;10.007;10.001;10.003;283016864;USD
17/08/2021;10.003;10.008;1.0;10.002;278944672;USD
18/08/2021;10.002;10.005;10.001;10.003;252957376;USD
19/08/2021;10.003;10.005;0.9999;10.002;204136432;USD
20/08/2021;10.003;10.005;0.9999;10.004;232108144;USD
21/08/2021;10.004;10.009;10.002;10.006;166217968;USD
22/08/2021;10.006;10.008;10.004;10.006;130985744;USD
23/08/2021;10.006;10.007;10.002;10.003;274047616;USD
24/08/2021;10.003;10.004;0.9999;10.003;304413600;USD
25/08/2021;10.003;10.004;1.0;10.002;238935968;USD
26/08/2021;10.003;10.005;1.0;10.003;214517456;USD
27/08/2021;10.003;10.007;10.001;10.006;193539136;USD
28/08/2021;10.006;10.007;10.003;10.006;65640180;USD
29/08/2021;10.006;10.009;10.005;10.007;98253080;USD
30/08/2021;10.007;10.008;10.004;10.004;180726192;USD
31/08/2021;10.004;10.008;10.002;10.003;245986288;USD
01/09/2021;10.003;10.006;10.002;10.003;282035840;USD
02/09/2021;10.002;10.006;10.001;10.003;178706320;USD
03/09/2021;10.003;10.005;10.001;10.002;214804896;USD
04/09/2021;10.002;10.005;10.001;10.003;109413808;USD
05/09/2021;10.003;10.006;10.001;10.004;164869536;USD
06/09/2021;10.003;1.001;10.002;10.004;212908064;USD
07/09/2021;10.004;10.011;1.0;10.004;481496736;USD
08/09/2021;10.004;10.008;10.001;10.003;327936608;USD
09/09/2021;10.003;10.005;10.001;10.002;238035904;USD
10/09/2021;10.003;10.006;1.0;10.002;263247808;USD
11/09/2021;10.002;10.006;10.002;10.003;166657920;USD
12/09/2021;10.003;10.005;1.0;10.001;124808512;USD
13/09/2021;10.001;10.005;1.0;10.002;320929056;USD
14/09/2021;10.003;10.006;10.002;10.003;195447264;USD
15/09/2021;10.003;10.006;10.002;10.004;203210448;USD
16/09/2021;10.004;10.007;10.001;10.003;162379440;USD
17/09/2021;10.003;10.007;10.001;10.002;113806000;USD
18/09/2021;10.002;10.006;10.001;10.002;65039212;USD
19/09/2021;10.002;10.006;10.002;10.003;47750552;USD
20/09/2021;10.003;10.009;0.9999;0.9999;339632064;USD
21/09/2021;0.9999;10.005;0.9999;10.002;399938400;USD
22/09/2021;10.002;10.007;10.002;10.005;245891072;USD
23/09/2021;10.005;10.009;10.005;10.007;146455888;USD
24/09/2021;10.007;10.013;10.004;1.001;344492320;USD
25/09/2021;10.017;10.018;10.011;10.013;86632256;USD
26/09/2021;10.013;10.024;10.008;10.009;137210560;USD
27/09/2021;10.009;10.013;10.002;10.004;182932272;USD
28/09/2021;10.004;10.005;1.0;10.002;204174048;USD
29/09/2021;10.002;10.004;0.9998;1.0;181205024;USD
30/09/2021;1.0;10.002;0.9999;10.001;179665328;USD
01/10/2021;10.002;10.006;10.001;10.004;209610000;USD
02/10/2021;10.003;10.005;10.003;10.004;66941608;USD
03/10/2021;10.004;10.006;10.003;10.006;67091508;USD
04/10/2021;10.005;10.005;10.002;10.003;203626752;USD
05/10/2021;10.004;10.006;10.002;10.005;219906176;USD
06/10/2021;10.006;10.006;10.001;10.004;181093488;USD
07/10/2021;10.004;10.005;10.001;10.003;189760320;USD
08/10/2021;10.003;10.004;1.0;10.002;255444176;USD
09/10/2021;10.002;10.004;10.001;10.003;81082768;USD
10/10/2021;10.003;10.005;10.001;10.001;131305016;USD
11/10/2021;10.001;10.005;0.9999;10.001;220836944;USD
12/10/2021;10.002;10.003;0.9999;1.0;165025056;USD
13/10/2021;0.9999;10.002;0.9997;10.001;157582240;USD
14/10/2021;10.001;10.002;0.9999;10.001;188323600;USD
15/10/2021;10.001;10.002;0.9996;0.9999;260303936;USD
16/10/2021;0.9999;10.002;0.9999;1.0;148289408;USD
17/10/2021;1.0;10.001;0.9999;1.0;111962104;USD
18/10/2021;1.0;10.001;0.9997;0.9999;370154592;USD
19/10/2021;0.9999;10.004;0.9999;10.002;282958272;USD
20/10/2021;10.001;10.004;1.0;10.002;290838400;USD
21/10/2021;10.002;10.006;0.9999;1.0;423650528;USD
22/10/2021;1.0;10.002;0.9994;0.9998;252490016;USD
23/10/2021;0.9998;10.001;0.9996;1.0;65784060;USD
24/10/2021;1.0;10.003;0.9997;0.9998;116574568;USD
25/10/2021;0.9998;10.001;0.9996;1.0;248692496;USD
26/10/2021;1.0;10.002;0.9997;0.9999;199259728;USD
27/10/2021;0.9997;10.009;0.9996;10.006;437651200;USD
28/10/2021;10.006;10.006;1.0;10.003;329853632;USD
29/10/2021;10.003;10.004;0.9999;10.001;246267520;USD
30/10/2021;10.001;10.006;0.9999;10.004;124433848;USD
31/10/2021;10.004;10.007;10.002;10.005;189417360;USD
01/11/2021;10.005;10.007;10.002;10.005;206687328;USD
02/11/2021;10.005;10.011;10.002;10.006;172851200;USD
03/11/2021;10.005;10.009;1.0;10.003;310264128;USD
04/11/2021;10.003;10.008;1.0;10.005;246904224;USD
05/11/2021;10.005;10.009;10.003;10.009;207977792;USD
06/11/2021;10.009;10.009;10.003;10.007;161887472;USD
07/11/2021;10.007;10.011;10.005;10.007;109689808;USD
08/11/2021;10.007;10.009;0.9998;10.003;369939744;USD
09/11/2021;10.003;10.005;0.9997;10.001;270941120;USD
10/11/2021;10.001;10.005;0.9997;1.0;435993504;USD
11/11/2021;1.0;10.005;0.9992;10.003;303077984;USD
12/11/2021;10.003;10.004;0.9996;10.002;360690400;USD
13/11/2021;10.002;10.004;1.0;10.001;99779512;USD
14/11/2021;10.001;10.002;0.9999;10.001;75393000;USD
15/11/2021;10.001;10.003;0.9998;0.9999;291604352;USD
16/11/2021;0.9999;10.012;0.9997;10.002;492021024;USD
17/11/2021;10.002;1.001;0.9998;10.004;310180352;USD
18/11/2021;10.004;10.012;10.001;10.006;395638432;USD
19/11/2021;10.006;10.013;10.004;10.009;273702240;USD
20/11/2021;10.009;10.012;10.006;10.008;111529008;USD
21/11/2021;10.008;10.013;10.006;10.011;102293920;USD
22/11/2021;10.011;10.014;10.006;10.008;330327520;USD
23/11/2021;10.007;10.007;0.9998;10.003;278304672;USD
24/11/2021;10.003;10.006;10.002;10.003;187491472;USD
25/11/2021;10.003;1.001;10.003;10.007;221763056;USD
26/11/2021;10.007;10.014;10.004;10.007;265107184;USD
27/11/2021;10.007;10.013;10.007;10.009;113351936;USD
28/11/2021;10.009;10.014;10.008;10.009;125918560;USD
29/11/2021;10.009;10.011;10.006;1.001;224057840;USD
30/11/2021;1.001;10.011;10.007;10.009;250911296;USD
01/12/2021;10.008;10.011;10.003;10.006;212042272;USD
02/12/2021;10.006;10.009;10.006;10.007;189556736;USD
03/12/2021;10.007;10.009;10.002;10.005;421231872;USD
04/12/2021;10.005;10.021;10.005;10.012;474683296;USD
05/12/2021;10.012;10.017;10.009;10.013;245739728;USD
06/12/2021;10.013;10.015;10.008;1.001;403383840;USD
07/12/2021;1.001;10.013;10.007;10.008;265648464;USD
08/12/2021;10.009;10.012;10.006;10.009;191457216;USD
09/12/2021;1.001;10.011;10.005;10.006;157468080;USD
10/12/2021;10.006;1.001;10.003;10.005;232192512;USD
11/12/2021;10.005;10.009;10.004;10.007;77763640;USD
12/12/2021;10.008;10.008;10.005;10.006;50769644;USD
13/12/2021;10.006;10.016;10.006;10.008;384480192;USD
14/12/2021;10.008;10.013;10.004;10.004;213471392;USD
15/12/2021;10.004;10.007;10.003;10.006;180411888;USD
16/12/2021;10.006;10.008;10.001;10.003;246029680;USD
17/12/2021;10.003;10.006;10.003;10.004;220532784;USD
18/12/2021;10.004;10.007;10.004;10.005;81822024;USD
19/12/2021;10.005;10.007;10.003;10.003;63767948;USD
20/12/2021;10.004;10.013;10.001;10.002;192541712;USD
21/12/2021;10.002;10.005;10.002;10.003;187830352;USD
22/12/2021;10.003;10.005;10.002;10.003;158498784;USD
23/12/2021;10.003;10.006;10.001;10.003;296993568;USD
24/12/2021;10.003;10.006;10.002;10.005;133903192;USD
25/12/2021;10.005;10.008;10.004;10.006;47915580;USD
26/12/2021;10.006;10.007;10.004;10.005;52552944;USD
27/12/2021;10.005;10.007;10.002;10.003;167307360;USD
28/12/2021;10.003;10.005;1.0;10.001;233248000;USD
29/12/2021;10.002;10.003;0.9999;10.001;300313728;USD
30/12/2021;1.0;10.003;0.9996;1.0;383650944;USD
31/12/2021;1.0;10.001;0.9998;1.0;170594128;USD
01/01/2022;0.9999;10.003;0.9999;10.002;85212064;USD
02/01/2022;10.002;10.003;1.0;10.002;67387328;USD
03/01/2022;10.002;10.002;0.9999;1.0;118973216;USD
04/01/2022;1.0;10.002;0.9998;0.9999;170166320;USD
05/01/2022;1.0;10.001;0.9998;1.0;182327968;USD
06/01/2022;1.0;10.001;0.9997;0.9999;179098704;USD
07/01/2022;1.0;1.0;0.9997;0.9999;266244880;USD
08/01/2022;1.0;10.001;0.9999;10.001;82758944;USD
09/01/2022;10.001;10.005;1.0;1.0;72630816;USD
10/01/2022;1.0;10.003;0.9999;10.002;220081680;USD
11/01/2022;10.002;10.004;1.0;10.003;173155088;USD
12/01/2022;10.003;10.006;10.002;10.004;184364256;USD
13/01/2022;10.004;10.005;10.002;10.003;177726112;USD
14/01/2022;10.003;10.005;10.002;10.004;123707040;USD
15/01/2022;10.004;10.005;10.002;10.003;70795288;USD
16/01/2022;10.003;10.005;1.0;10.003;82680016;USD
17/01/2022;10.004;10.005;10.002;10.003;109957632;USD
18/01/2022;10.003;10.004;10.001;10.002;171078016;USD
19/01/2022;10.002;10.005;10.002;10.003;209085616;USD
20/01/2022;10.003;10.005;10.001;10.001;148416736;USD
21/01/2022;10.003;10.005;1.0;10.004;304665280;USD
22/01/2022;10.004;10.009;10.003;10.004;182352512;USD
23/01/2022;10.004;10.011;10.004;10.006;69867088;USD
24/01/2022;1.001;10.011;10.002;10.005;242087184;USD
25/01/2022;10.005;10.009;10.003;10.008;192158624;USD
26/01/2022;10.008;1.001;10.004;10.007;236247104;USD
27/01/2022;10.007;10.009;10.002;10.002;258450448;USD
28/01/2022;10.002;10.008;10.002;10.004;198114272;USD
29/01/2022;10.004;10.007;10.004;10.004;70107896;USD
30/01/2022;10.003;10.007;10.003;10.005;42172928;USD
31/01/2022;10.005;10.008;10.003;10.005;177588928;USD
01/02/2022;10.005;10.008;10.004;10.006;110948184;USD
02/02/2022;10.006;10.008;10.003;10.005;120905720;USD
03/02/2022;10.005;10.008;10.004;10.005;155659344;USD
04/02/2022;10.005;10.009;10.004;10.008;129243728;USD
05/02/2022;10.008;10.008;10.006;10.007;52543488;USD
06/02/2022;10.007;1.001;10.006;10.007;28887214;USD
07/02/2022;10.008;10.011;10.006;10.007;180160496;USD
08/02/2022;10.007;10.011;10.006;1.001;155740720;USD
09/02/2022;10.009;10.011;10.007;10.009;129490072;USD
10/02/2022;10.009;10.011;10.006;10.008;164700640;USD
11/02/2022;10.008;10.011;10.006;10.006;215748224;USD
12/02/2022;10.006;1.001;10.005;10.006;60919396;USD
13/02/2022;10.006;10.009;10.005;10.006;56356008;USD
14/02/2022;10.006;10.009;10.003;10.005;126040304;USD
15/02/2022;10.004;10.009;10.004;10.006;128011520;USD
16/02/2022;10.007;10.008;10.005;10.006;129135760;USD
17/02/2022;10.006;10.008;10.005;10.007;172148192;USD
18/02/2022;1.001;1.001;10.005;10.005;162101456;USD
19/02/2022;10.005;1.001;10.004;10.005;45994916;USD
20/02/2022;10.005;1.001;10.005;10.007;81502632;USD
21/02/2022;10.007;10.013;10.005;10.008;216859104;USD
22/02/2022;10.015;10.015;10.006;10.007;218152368;USD
23/02/2022;10.007;10.013;10.006;10.006;193379280;USD
24/02/2022;10.007;1.003;10.007;10.008;419237216;USD
25/02/2022;10.008;10.012;10.005;10.007;247708656;USD
26/02/2022;10.007;1.001;10.005;10.007;54919784;USD
27/02/2022;10.007;10.011;10.003;10.006;130378856;USD
28/02/2022;10.006;1.001;10.003;10.003;228673056;USD
01/03/2022;10.004;10.009;10.003;10.005;277098240;USD
02/03/2022;10.008;10.009;10.003;10.004;211620160;USD
03/03/2022;10.007;10.009;10.001;10.002;204075248;USD
04/03/2022;10.007;10.008;1.0;10.003;168033936;USD
05/03/2022;10.003;10.009;10.002;10.003;67884024;USD
06/03/2022;10.003;10.008;10.002;10.003;77462256;USD
07/03/2022;10.003;10.007;10.001;10.002;203292608;USD
08/03/2022;10.006;10.008;10.001;10.002;188912176;USD
09/03/2022;10.002;10.006;10.002;10.004;168891888;USD
10/03/2022;10.006;10.011;10.004;10.005;251161104;USD
11/03/2022;10.005;10.008;10.001;10.002;198159840;USD
12/03/2022;10.002;10.004;10.001;10.002;26584016;USD
13/03/2022;10.001;10.004;10.001;10.002;40599760;USD
14/03/2022;10.002;10.005;10.001;10.004;168235008;USD
15/03/2022;10.008;10.009;10.004;10.005;119522096;USD
16/03/2022;10.005;10.008;10.004;10.004;149134608;USD
17/03/2022;10.004;10.008;10.004;10.004;137191088;USD
18/03/2022;10.005;10.009;10.003;10.004;261538160;USD
19/03/2022;10.004;10.005;1.0;10.004;152083344;USD
20/03/2022;10.004;10.005;10.001;10.004;106538832;USD
21/03/2022;10.004;10.006;10.002;10.002;170734944;USD
22/03/2022;10.001;10.004;1.0;10.003;292880320;USD
23/03/2022;10.003;10.005;1.0;10.003;143564576;USD
24/03/2022;10.003;10.005;1.0;10.004;254403552;USD
25/03/2022;10.004;10.006;10.001;10.004;154759472;USD
26/03/2022;10.004;10.006;10.004;10.004;58491028;USD
27/03/2022;10.005;10.005;10.001;10.002;128347192;USD
28/03/2022;10.002;10.004;0.9997;10.003;371047232;USD
29/03/2022;10.001;10.006;1.0;10.004;331194304;USD
30/03/2022;10.004;10.005;0.9999;10.003;203048640;USD
31/03/2022;10.001;10.005;10.001;10.003;180951648;USD
01/04/2022;10.003;10.006;10.001;10.004;252383152;USD
02/04/2022;10.004;10.006;10.001;10.003;130659976;USD
03/04/2022;10.003;10.004;1.0;10.002;112883984;USD
04/04/2022;10.001;10.003;0.9998;10.002;206709504;USD
05/04/2022;10.002;10.004;1.0;10.002;212737232;USD
06/04/2022;10.002;10.004;1.0;10.003;211432256;USD
07/04/2022;10.002;10.006;1.0;10.002;136294368;USD
08/04/2022;10.002;10.004;10.001;10.003;135178240;USD
09/04/2022;10.003;10.003;1.0;10.003;46703340;USD
10/04/2022;10.003;10.006;10.001;10.005;64249360;USD
11/04/2022;10.005;10.008;10.001;10.003;250600416;USD
12/04/2022;10.007;10.007;10.002;10.002;191982768;USD
13/04/2022;10.002;10.006;10.001;10.002;151897472;USD
14/04/2022;10.002;10.005;1.0;10.001;166997728;USD
15/04/2022;10.001;10.004;10.001;10.002;68897784;USD
16/04/2022;10.005;10.006;10.001;10.002;35397756;USD
17/04/2022;10.002;10.006;10.002;10.003;36397452;USD
18/04/2022;10.003;10.006;10.001;10.001;148472848;USD
19/04/2022;10.001;10.005;10.001;10.001;128993624;USD
20/04/2022;10.002;10.005;10.001;10.002;160547104;USD
21/04/2022;10.002;10.004;1.0;10.001;169792464;USD
22/04/2022;10.004;10.005;1.0;1.0;149690896;USD
23/04/2022;10.001;10.006;10.001;10.002;59303288;USD
24/04/2022;10.002;10.005;10.002;10.002;29111756;USD
25/04/2022;10.003;10.005;1.0;1.0;178959392;USD
26/04/2022;1.0;10.006;1.0;1.0;173014336;USD
27/04/2022;10.004;10.004;0.9999;1.0;170036208;USD
28/04/2022;1.0;10.003;0.9999;1.0;179141472;USD
29/04/2022;10.002;10.003;0.9999;1.0;173008272;USD
30/04/2022;10.003;10.004;10.001;10.003;74127864;USD
01/05/2022;10.003;10.006;10.001;10.002;80455096;USD
02/05/2022;10.002;10.004;0.9999;1.0;199615488;USD
03/05/2022;10.002;10.003;0.9998;1.0;113693424;USD
04/05/2022;1.0;10.002;0.9998;0.9999;155763120;USD
05/05/2022;0.9999;10.002;0.9998;0.9999;211040144;USD
06/05/2022;0.9999;10.003;0.9998;0.9999;226040528;USD
07/05/2022;10.003;10.003;0.9998;0.9999;100343136;USD
08/05/2022;0.9999;10.006;0.9999;10.001;132255208;USD
09/05/2022;10.001;10.005;0.9999;1.0;451714784;USD
10/05/2022;1.0;10.006;1.0;10.002;416000384;USD
11/05/2022;10.002;10.012;0.9967;0.9968;669549056;USD
12/05/2022;10.007;10.008;0.9744;0.9983;1410003712;USD
13/05/2022;0.9982;10.019;0.9982;0.9988;523480000;USD
14/05/2022;0.9988;10.001;0.9986;0.999;271700384;USD
15/05/2022;0.999;10.004;0.9989;0.9991;110372040;USD
16/05/2022;0.9998;0.9998;0.9988;0.9989;336254272;USD
17/05/2022;0.9989;0.9998;0.9989;0.9991;192420048;USD
18/05/2022;0.9999;0.9999;0.9988;0.9988;206101840;USD
19/05/2022;0.9988;0.9995;0.9988;0.9993;206201904;USD
20/05/2022;0.9993;1.0;0.999;0.9991;168236016;USD
21/05/2022;0.9999;0.9999;0.9992;0.9994;56738032;USD
22/05/2022;0.9993;0.9998;0.9992;0.9994;62676768;USD
23/05/2022;0.9994;0.9998;0.999;0.9991;154881280;USD
24/05/2022;0.9996;0.9996;0.999;0.9991;148265712;USD
25/05/2022;0.9991;0.9999;0.999;0.9991;140780752;USD
26/05/2022;0.9991;0.9996;0.999;0.9992;230934768;USD
27/05/2022;0.9992;0.9998;0.999;0.9992;177413504;USD
28/05/2022;0.9991;0.9999;0.9991;0.9995;68401040;USD
29/05/2022;0.9995;10.001;0.9994;0.9994;123513696;USD
30/05/2022;10.002;10.003;0.9992;0.9995;228812736;USD
31/05/2022;0.9995;10.001;0.9993;0.9994;195789056;USD
01/06/2022;0.9994;0.9999;0.9993;0.9998;210318256;USD
02/06/2022;0.9998;10.019;0.9996;0.9998;188141664;USD
03/06/2022;0.9997;10.007;0.9993;0.9994;129357264;USD
04/06/2022;0.9994;10.005;0.9994;0.9999;38061816;USD
05/06/2022;0.9999;10.004;0.9997;0.9999;44644936;USD
06/06/2022;0.9999;10.003;0.9992;0.9994;144728752;USD
07/06/2022;0.9994;10.001;0.9993;0.9995;186691520;USD
08/06/2022;0.9995;10.005;0.9994;0.9995;127316680;USD
09/06/2022;0.9995;10.007;0.9994;0.9994;143383648;USD
10/06/2022;0.9994;10.006;0.9993;0.9994;191067232;USD
11/06/2022;0.9994;10.004;0.9994;0.9999;101665568;USD
12/06/2022;0.9999;10.006;0.9998;10.002;196028192;USD
13/06/2022;10.002;10.023;0.9989;0.9992;728585856;USD
14/06/2022;0.9992;10.004;0.9991;0.9992;364536320;USD
15/06/2022;10.001;10.004;0.9986;0.9994;583939328;USD
16/06/2022;10.004;10.006;0.999;0.9991;232763424;USD
17/06/2022;10.001;10.002;0.998;0.9983;331463616;USD
18/06/2022;0.9983;0.9999;0.9974;0.999;291727232;USD
19/06/2022;0.999;0.9999;0.9987;0.9988;161586064;USD
20/06/2022;0.9988;0.9993;0.9986;0.9988;173939808;USD
21/06/2022;0.9988;0.9996;0.9988;0.9989;173719136;USD
22/06/2022;0.999;0.9991;0.9983;0.9989;168408640;USD
23/06/2022;0.9989;0.9992;0.9986;0.999;151341328;USD
24/06/2022;0.999;0.9993;0.9986;0.9993;124853440;USD
25/06/2022;0.9993;0.9998;0.9993;0.9996;59386764;USD
26/06/2022;0.9996;10.001;0.9995;10.001;51089652;USD
27/06/2022;10.001;10.005;0.999;0.9991;140362240;USD
28/06/2022;0.9991;0.9998;0.999;0.999;156452080;USD
29/06/2022;0.999;0.9998;0.9988;0.999;199355168;USD
30/06/2022;0.999;0.9997;0.9988;0.999;160619808;USD
01/07/2022;0.999;0.9997;0.9989;0.9991;180653040;USD
02/07/2022;0.9991;10.001;0.999;0.999;68562648;USD
03/07/2022;0.999;0.9996;0.999;0.999;22476324;USD
04/07/2022;0.999;0.9997;0.9989;0.9989;106826240;USD
05/07/2022;0.9989;0.9995;0.9987;0.999;142956960;USD
06/07/2022;0.999;0.9994;0.9989;0.999;122055264;USD
07/07/2022;0.999;0.9996;0.999;0.9994;134220272;USD
08/07/2022;0.9994;0.9996;0.999;0.9994;137057680;USD
09/07/2022;0.9994;0.9998;0.9994;0.9996;28580608;USD
10/07/2022;0.9996;0.9998;0.9993;0.9996;30647596;USD
11/07/2022;0.9996;1.0;0.9992;0.9993;121181768;USD
12/07/2022;0.9995;0.9995;0.9989;0.999;153115680;USD
13/07/2022;0.999;0.9998;0.9986;0.9995;206692720;USD
14/07/2022;0.9995;0.9998;0.9992;0.9994;113472224;USD
15/07/2022;0.9994;0.9999;0.9994;0.9998;143506512;USD
16/07/2022;0.9998;10.002;0.9997;0.9999;58511264;USD
17/07/2022;0.9999;10.002;0.9999;0.9999;44821768;USD
18/07/2022;0.9999;10.001;0.9997;0.9999;156722624;USD
19/07/2022;0.9999;10.002;0.9999;1.0;163636448;USD
20/07/2022;1.0;10.003;0.9999;1.0;180438336;USD
21/07/2022;0.9999;10.003;0.9999;10.001;122364040;USD
22/07/2022;10.001;10.003;0.9999;10.001;131585136;USD
23/07/2022;10.001;10.001;0.9999;1.0;52063276;USD
24/07/2022;1.0;10.003;0.9998;10.001;61887400;USD
25/07/2022;10.001;10.001;0.9997;1.0;156095280;USD
26/07/2022;1.0;10.002;0.9999;10.001;152020096;USD
27/07/2022;10.001;10.007;1.0;10.003;147471392;USD
28/07/2022;10.003;10.003;1.0;10.002;136274720;USD
29/07/2022;10.002;10.006;10.001;10.004;149681856;USD
30/07/2022;10.003;10.005;10.001;10.002;70026896;USD
31/07/2022;10.002;10.003;1.0;10.002;55532676;USD
01/08/2022;10.002;10.003;1.0;10.002;118055664;USD
02/08/2022;1.0;10.004;1.0;10.001;117317920;USD
03/08/2022;10.001;10.003;1.0;10.001;119870832;USD
04/08/2022;10.001;10.001;0.9996;10.001;135171344;USD
05/08/2022;10.001;10.003;0.9996;1.0;140688176;USD
06/08/2022;1.0;1.0;0.9984;0.9999;151795552;USD
07/08/2022;0.9999;10.001;0.9997;10.001;36576824;USD
08/08/2022;10.001;10.002;0.9999;10.002;113321568;USD
09/08/2022;1.0;10.003;0.9999;10.002;95526456;USD
10/08/2022;10.002;10.007;0.9998;10.002;168688368;USD
11/08/2022;10.002;10.005;0.9999;10.004;156702096;USD
12/08/2022;10.004;10.007;1.0;10.004;100794040;USD
13/08/2022;10.003;10.004;1.0;10.003;57444068;USD
14/08/2022;10.003;10.003;1.0;10.002;58097776;USD
15/08/2022;10.002;10.003;1.0;10.001;100621128;USD
16/08/2022;1.0;10.002;0.9999;10.001;101426496;USD
17/08/2022;10.001;10.002;0.9999;1.0;113367408;USD
18/08/2022;1.0;10.002;0.9999;1.0;140225072;USD
19/08/2022;1.0;10.002;0.9998;1.0;156764528;USD
20/08/2022;1.0;10.002;0.9999;0.9999;37758084;USD
21/08/2022;1.0;10.002;0.9999;1.0;33538164;USD
22/08/2022;1.0;10.001;0.9997;0.9999;146034912;USD
23/08/2022;0.9999;0.9999;0.9999;0.9999;0;USD
